time,Bx,By,Bz,BT
0.003333,8.48,26.93,72.75,78.03
0.004296,8.03,26.93,72.45,77.71
0.007738,8.1,27.15,72.45,77.79
0.017806,8.4,27.38,72.68,78.11
0.026448,8.55,27.45,72.68,78.16
0.03607,8.93,27.68,72.98,78.56
0.045655,8.93,27.68,72.98,78.56
0.054943,9.45,27.75,73.05,78.71
0.065906,10.43,27.75,73.35,79.11
0.074274,11.55,27.75,73.95,79.83
0.084462,12.75,28.05,74.18,80.32
0.093798,13.88,27.75,74.25,80.47
0.104091,15.45,27.75,74.25,80.76
0.113198,17.1,27.83,73.95,80.84
0.124188,18.83,27.83,73.95,81.22
0.132904,20.55,27.98,73.95,81.69
0.143392,22.28,27.83,73.58,81.75
0.152925,24.15,27.75,72.98,81.72
0.163292,26.25,27.53,72.45,81.83
0.176011,28.28,27.75,71.55,81.79
0.192456,30,27.53,70.73,81.61
0.193047,31.73,27.15,69.75,81.29
0.201277,33.53,26.85,68.33,80.7
0.211091,35.18,26.55,66.83,80.05
0.219905,36.75,26.25,65.55,79.6
0.229179,38.1,25.95,64.05,78.91
0.239816,39.53,25.58,62.33,78.11
0.249497,40.88,24.83,60.98,77.49
0.25971,42.08,24.45,59.18,76.61
0.269364,43.12,24.15,57.45,75.79
0.2794,43.95,23.62,55.95,74.97
0.288384,44.78,23.18,54.38,74.15
0.297963,45.53,22.73,52.95,73.43
0.307828,46.12,22.12,51.45,72.55
0.319855,46.43,21.68,50.25,71.76
0.32674,46.65,21.38,49.05,70.99
0.336509,46.65,21.38,49.05,70.99
0.345172,46.88,21.15,48.15,70.45
0.356502,47.18,20.78,47.48,70.08
0.366429,47.25,20.55,46.65,69.51
0.37505,47.33,20.33,46.05,69.09
0.384394,47.4,20.25,45.68,68.87
0.395103,47.48,20.25,45.68,68.92
0.404027,47.55,20.48,45.75,69.09
0.414441,47.48,20.55,45.75,69.06
0.424245,47.4,20.78,46.28,69.42
0.433993,47.18,21.15,46.95,69.84
0.442679,47.03,21.45,47.55,70.23
0.454045,46.73,21.75,48.75,70.94
0.462189,46.2,22.05,49.88,71.47
0.47342,45.6,22.35,51.23,72.13
0.480649,45.08,22.88,52.43,72.82
0.494835,44.55,23.25,54.08,73.82
0.500957,43.8,23.55,55.65,74.63
0.511602,42.75,24.15,57.45,75.57
0.519923,41.7,24.45,59.33,76.53
0.530733,40.43,25.05,61.05,77.39
0.539946,39.08,25.65,62.78,78.27
0.556511,37.73,26.25,64.58,79.26
0.558662,35.93,26.55,66.45,80.07
0.56911,34.12,26.85,68.03,80.7
0.577387,32.18,27.23,69.45,81.24
0.588555,30.3,27.45,70.65,81.63
0.598483,28.35,27.75,71.85,82.07
0.606935,26.48,27.83,72.68,82.2
0.616161,24.75,28.05,73.43,82.41
0.626128,22.73,28.05,73.95,82.29
0.635431,22.73,28.05,73.95,82.29
0.647394,20.93,28.05,74.25,82.08
0.654927,18.83,28.13,74.55,81.87
0.665034,17.25,28.28,74.62,81.65
0.673923,15.75,28.05,74.62,81.26
0.689412,14.4,28.13,74.48,80.9
0.693197,13.13,27.83,74.48,80.58
0.704118,11.93,27.53,74.25,80.08
0.714288,10.95,27.45,73.95,79.64
0.723687,10.05,27.38,73.73,79.28
0.732711,9.68,27.23,73.43,78.91
0.74344,9.15,26.85,73.28,78.57
0.752279,8.85,26.85,73.05,78.33
0.763051,8.4,26.85,73.12,78.35
0.771854,8.25,27.08,73.12,78.41
0.781546,8.18,26.93,73.35,78.56
0.790026,8.62,27.15,73.43,78.76
0.806038,8.93,27.45,73.65,79.1
0.809414,9.53,27.68,73.65,79.25
0.820628,10.12,28.05,74.03,79.81
0.831656,11.03,28.05,74.25,80.13
0.838598,12.08,27.98,74.25,80.26
0.848669,13.35,28.05,74.25,80.49
0.858293,14.93,28.35,74.33,80.94
0.868026,16.35,28.35,74.55,81.42
0.878011,18.38,28.05,74.25,81.47
0.886877,20.18,27.75,74.25,81.79
0.898778,22.12,27.53,73.65,81.68
0.906451,24.08,27.68,73.28,81.94
0.916816,26.25,27.45,72.53,81.87
0.925984,28.2,27.38,71.85,81.9
0.937177,28.2,27.38,71.85,81.9
0.957338,30,27.15,70.65,81.42
0.958366,31.88,27.15,69.45,81.1
0.965609,33.45,26.78,68.55,80.84
0.975465,35.03,26.55,67.28,80.36
0.983653,36.68,26.33,65.85,79.84
0.993936,38.18,25.88,64.35,79.17
1.003142,39.45,25.58,62.85,78.49
1.014195,40.73,24.75,61.28,77.63
1.024925,42,24.38,59.48,76.78
1.033277,42.98,23.62,57.53,75.59
1.042352,43.8,23.25,55.65,74.54
1.053013,44.62,22.65,54.08,73.68
1.070228,45.3,22.28,52.43,72.78
1.071659,45.75,22.05,50.85,71.87
1.089895,46.2,21.68,49.58,71.15
1.09102,46.5,21.53,48.45,70.52
1.099723,46.65,21.15,47.55,69.89
1.109786,46.5,20.85,46.65,69.09
1.118911,46.8,20.93,46.12,68.96
1.130159,46.73,20.85,45.45,68.44
1.138835,46.8,20.78,45.23,68.32
1.148805,46.88,20.78,45.15,68.32
1.158033,46.95,20.62,45.45,68.52
1.168575,46.95,20.55,45.75,68.7
1.179172,46.88,20.78,46.35,69.12
1.18775,47.03,21.15,47.18,69.89
1.196937,46.65,21.45,48.15,70.39
1.207088,46.43,21.75,49.35,71.16
1.217878,46.12,22.05,50.93,72.16
1.226628,46.12,22.05,50.93,72.16
1.236137,45.68,22.43,52.35,73
1.246864,45.08,22.95,53.63,73.72
1.254339,44.25,23.55,55.65,74.9
1.264832,43.35,24.23,57.23,75.77
1.273676,42.38,24.98,59.25,77.01
1.284607,41.33,25.28,61.05,77.93
1.297426,40.2,25.65,62.85,78.89
1.303668,38.55,26.33,64.28,79.44
1.314065,37.12,26.63,65.85,80.15
1.324543,35.7,27.15,67.35,80.92
1.335246,34.2,27.53,68.48,81.34
1.356234,32.62,27.75,69.75,81.85
1.357349,30.83,27.83,70.65,81.95
1.363505,28.95,28.05,71.55,82.12
1.370677,27.15,28.13,72.38,82.26
1.38061,25.43,28.05,72.98,82.21
1.390202,23.33,28.28,73.65,82.27
1.400355,21.23,28.28,74.03,82.03
1.409406,19.5,28.05,74.33,81.8
1.419708,17.62,28.05,74.25,81.31
1.429044,16.05,27.98,74.33,81.02
1.439005,14.7,27.75,74.25,80.62
1.448689,13.13,27.75,74.25,80.35
1.458751,12,27.68,74.25,80.14
1.468539,11.1,27.45,73.95,79.66
1.48884,10.2,27.23,73.73,79.25
1.489668,9.3,27.15,73.43,78.83
1.496914,8.7,27.08,73.58,78.88
1.506034,8.33,26.85,73.35,78.55
1.516515,8.18,26.93,73.35,78.56
1.525176,8.18,26.93,73.35,78.56
1.549503,8.25,26.93,73.35,78.57
1.549724,8.25,26.93,73.35,78.57
1.577355,8.78,27.38,73.65,79.06
1.577756,9.3,27.45,73.73,79.22
1.577881,10.05,27.45,73.95,79.52
1.583302,11.03,27.68,74.03,79.79
1.593812,12.23,27.98,74.48,80.49
1.602387,13.28,28.05,74.25,80.47
1.615729,14.55,28.05,74.25,80.69
1.622274,16.05,28.05,74.48,81.18
1.632797,17.62,27.98,74.25,81.28
1.641635,19.65,28.28,74.25,81.85
1.652158,21.45,28.35,74.03,82.12
1.661279,23.18,28.43,73.58,82.21
1.671113,24.9,28.35,72.98,82.15
1.680124,26.7,28.05,72.45,82.15
1.69065,28.8,27.98,71.55,82.05
1.699693,30.75,27.75,70.35,81.64
1.710037,32.62,27.45,69.15,81.24
1.719194,34.43,27.08,67.95,80.84
1.730291,36.23,26.78,66.68,80.47
1.738506,38.03,26.25,65.18,79.89
1.749411,39.53,25.88,63.38,79.05
1.757426,40.88,25.43,61.65,78.22
1.768284,41.93,25.13,59.85,77.27
1.777102,43.05,24.83,58.35,76.64
1.787314,43.8,24.23,56.55,75.52
1.796474,44.18,23.55,54.53,74.02
1.806305,44.85,22.95,52.88,73.03
1.816018,45.15,22.35,51.23,71.85
1.828293,45.15,22.35,51.23,71.85
1.83512,45.53,21.75,49.95,71
1.845436,46.12,21.23,48.75,70.39
1.854186,46.35,20.85,47.78,69.75
1.864734,46.58,20.48,46.88,69.18
1.873959,46.58,20.18,46.35,68.74
1.884672,46.88,20.25,46.05,68.76
1.893451,46.73,19.95,45.68,68.32
1.904199,46.8,19.95,45.68,68.37
1.913785,46.88,20.25,45.98,68.71
1.923597,46.8,20.33,46.05,68.73
1.934503,46.88,20.33,46.58,69.13
1.945257,46.35,20.55,46.95,69.1
1.951754,45.98,21.08,47.55,69.42
1.961746,45.75,21.15,48.45,69.91
1.97023,45.53,21.75,49.65,70.79
1.980848,45.23,22.28,50.93,71.66
1.990553,44.7,22.65,52.05,72.25
2.001603,44.1,23.25,53.55,73.16
2.010698,43.58,23.93,54.83,74.01
2.020195,43.05,24.53,56.55,75.18
2.028697,42.53,25.05,58.28,76.37
2.039608,41.48,25.65,59.85,77.2
2.049412,40.58,25.95,61.35,78
2.058318,39.38,26.25,62.78,78.61
2.0685,37.8,26.55,64.43,79.27
2.079636,35.93,27.08,66.15,80
2.086376,33.6,27.38,67.95,80.6
2.097147,31.73,27.53,69.23,80.97
2.106204,29.55,27.83,70.58,81.41
2.116426,29.55,27.83,70.58,81.41
2.126896,27.38,28.05,71.62,81.65
2.135161,25.13,28.28,72.75,82
2.145107,22.8,28.58,73.58,82.16
2.154939,20.93,28.65,73.95,82.02
2.164088,19.2,28.65,74.55,82.14
2.182112,17.78,28.65,74.78,82.02
2.18338,15.98,28.58,74.85,81.7
2.200298,14.33,28.43,74.85,81.34
2.203257,12.98,28.35,74.85,81.08
2.213058,11.48,28.28,74.48,80.48
2.221947,10.43,28.05,74.25,80.05
2.232634,9.45,27.83,74.25,79.85
2.24323,8.7,27.75,73.88,79.39
2.254364,8.18,27.75,73.58,79.06
2.260793,7.95,27.75,73.43,78.9
2.271341,7.8,27.75,73.35,78.81
2.280451,7.73,27.68,72.98,78.43
2.297378,7.95,27.75,73.35,78.83
2.299975,8.4,27.83,73.58,79.11
2.317885,8.93,27.98,73.65,79.29
2.319818,9.45,27.98,73.88,79.56
2.328811,10.12,27.98,73.95,79.71
2.337686,10.88,27.83,74.25,80.03
2.348903,12.08,28.05,74.55,80.56
2.357724,13.35,28.05,74.93,81.11
2.367985,14.85,28.05,74.85,81.3
2.376797,16.2,28.28,74.93,81.7
2.386864,17.7,28.43,75.08,82.2
2.397358,19.28,28.35,74.93,82.4
2.407642,20.85,28.35,74.93,82.78
2.415427,20.85,28.35,74.93,82.78
2.425484,22.88,28.43,74.33,82.8
2.435239,24.68,28.35,73.95,82.95
2.445707,26.7,28.05,73.05,82.68
2.454298,28.58,27.83,72.15,82.44
2.464429,30.53,27.53,70.95,82
2.473194,32.4,27.08,69.53,81.34
2.483345,34.2,26.78,68.03,80.71
2.492732,36.08,26.63,66.45,80.16
2.504128,37.43,26.03,64.88,79.29
2.514319,39.08,25.73,62.93,78.41
2.523241,40.28,25.35,61.35,77.64
2.533166,41.18,24.75,59.55,76.51
2.542839,42,24.08,57.75,75.36
2.551742,42.83,23.55,56.03,74.35
2.563062,43.8,23.18,54.45,73.62
2.570306,44.4,22.58,52.95,72.7
2.581345,45.08,22.05,51.45,71.87
2.590174,45.23,21.45,49.88,70.66
2.601034,45.53,21.23,48.45,69.79
2.608784,45.98,21.15,47.48,69.39
2.620004,46.2,20.85,46.58,68.84
2.629947,46.43,20.62,45.98,68.52
2.6393,46.5,20.55,45.45,68.19
2.648231,46.58,20.25,45.15,67.95
2.660849,46.43,20.33,45.23,67.92
2.666723,46.65,20.55,45.75,68.5
2.677764,46.65,20.55,46.35,68.9
2.685945,46.65,20.85,46.95,69.39
2.696327,46.58,21.15,47.85,70.04
2.70771,46.12,21.45,48.45,70.25
2.71781,46.12,21.45,48.45,70.25
2.72582,45.98,21.75,49.35,70.87
2.737112,45.6,22.35,50.48,71.6
2.744814,45.3,22.73,51.83,72.49
2.755654,44.55,23.03,53.03,72.98
2.764468,43.73,23.55,54.45,73.7
2.774635,43.05,24.08,55.73,74.42
2.784224,42.23,24.75,57.53,75.53
2.793624,41.4,25.28,59.55,76.8
2.803577,40.2,25.73,61.35,77.73
2.813229,39,26.33,62.93,78.57
2.822165,37.8,26.85,64.35,79.31
2.832861,36.45,27.53,66.08,80.33
2.841086,35.03,27.98,67.65,81.15
2.852249,33.08,28.28,69.08,81.64
2.861548,31.35,28.35,70.12,81.88
2.871117,29.7,28.65,71.48,82.53
2.880748,27.75,28.95,72.45,82.81
2.895772,25.88,29.03,73.35,83.02
2.899211,23.93,28.95,73.95,82.94
2.910327,22.05,28.73,74.25,82.61
2.918193,20.33,28.65,74.55,82.41
2.928834,18.6,28.65,74.85,82.28
2.938798,16.95,28.43,74.78,81.77
2.948935,15.3,28.28,74.48,81.12
2.9573,13.73,28.13,73.95,80.3
2.968305,12.38,27.75,73.65,79.67
2.97755,11.33,27.75,73.58,79.45
2.986587,10.35,27.68,73.35,79.08
2.997729,9.38,27.45,73.28,78.81
3.011667,9.38,27.45,73.28,78.81
3.015726,8.93,27.23,72.98,78.4
3.029283,8.48,27.38,72.98,78.4
3.034421,8.25,27.45,72.83,78.26
3.044796,8.1,27.15,73.35,78.63
3.055278,8.18,27.45,73.58,78.95
3.063888,8.18,27.38,73.43,78.79
3.073598,8.4,27.45,73.65,79.05
3.083325,8.85,27.53,73.88,79.33
3.093123,9.68,27.53,74.25,79.78
3.103166,10.65,27.53,74.55,80.18
3.112318,11.85,27.45,74.93,80.67
3.123032,13.35,27.68,74.93,80.98
3.131177,15.15,27.68,74.93,81.3
3.142466,16.73,27.75,75.23,81.91
3.150774,18.75,27.68,75.23,82.32
3.160583,20.7,27.68,74.85,82.44
3.170893,22.35,27.68,74.48,82.53
3.180545,24.3,27.53,73.88,82.5
3.189724,26.18,27.68,72.53,81.92
3.199786,28.13,27.53,71.62,81.72
3.208873,30,27.45,70.65,81.52
3.218788,31.88,27.08,69.45,81.07
3.229052,33.53,26.63,67.73,80.12
3.247791,35.1,26.63,66.45,79.73
3.248655,36.68,26.25,64.95,79.07
3.257203,38.18,25.88,63.45,78.44
3.266657,39.38,25.13,61.95,77.59
3.276905,40.5,24.68,59.93,76.42
3.287204,41.18,24.08,58.65,75.6
3.296539,42.23,23.85,56.93,74.78
3.305892,42.23,23.85,56.93,74.78
3.315461,43.05,23.48,55.65,74.17
3.324711,44.18,22.65,53.93,73.3
3.334987,44.93,22.28,52.35,72.49
3.344413,45.38,21.83,51.15,71.77
3.359118,45.9,21.53,49.95,71.17
3.364065,46.35,21.15,49.13,70.77
3.378808,46.58,20.85,47.78,69.9
3.382909,46.73,20.48,46.88,69.28
3.393142,47.03,20.55,46.12,69
3.402993,47.1,20.55,45.98,68.95
3.41287,47.25,20.55,45.83,68.96
3.42251,47.25,20.55,45.68,68.86
3.43262,47.03,20.55,45.75,68.75
3.441395,46.88,20.55,45.98,68.8
3.45106,46.88,20.78,46.35,69.12
3.460344,46.73,21.08,47.18,69.66
3.476961,46.35,21.15,48.15,70.1
3.479595,45.83,21.45,48.98,70.42
3.489279,45.23,21.75,50.03,70.86
3.498384,44.78,21.98,51.38,71.6
3.509309,44.25,22.65,52.88,72.57
3.518127,43.73,23.03,54.23,73.36
3.528857,43.2,23.48,56.03,74.54
3.53768,42.38,23.85,57.75,75.5
3.547994,41.62,24.38,59.48,76.58
3.557265,40.58,24.75,61.13,77.43
3.567017,39.45,25.35,62.85,78.42
3.576697,38.18,25.95,64.65,79.44
3.593527,36.83,26.03,66.15,80.06
3.596191,35.4,26.63,67.88,81.05
3.613294,35.4,26.63,67.88,81.05
3.614517,33.45,27.23,69.08,81.43
3.625226,31.58,27.75,70.12,81.76
3.634096,29.48,28.05,71.25,82.05
3.644487,27.53,28.13,72.23,82.25
3.653713,25.5,28.13,73.12,82.39
3.663856,23.33,28.35,73.43,82.09
3.6741,21.3,28.35,73.95,82.01
3.685865,19.12,28.35,73.95,81.47
3.695143,17.55,28.28,74.55,81.64
3.703156,15.9,28.05,74.55,81.22
3.71247,14.55,28.05,74.55,80.97
3.722153,13.2,27.98,74.48,80.64
3.731324,12.08,28.05,74.03,80.08
3.742158,11.03,27.83,73.88,79.71
3.752132,10.12,27.83,73.65,79.38
3.760121,9.38,27.75,73.95,79.54
3.769694,8.55,27.68,73.58,79.07
3.779275,8.1,27.75,73.43,78.91
3.788619,7.8,27.75,73.35,78.81
3.798703,7.58,27.75,73.35,78.79
3.808236,7.58,27.68,73.35,78.76
3.819362,7.8,27.68,73.65,79.06
3.827553,8.25,27.75,73.65,79.14
3.837581,8.93,27.98,73.58,79.22
3.848142,9.83,28.13,73.73,79.52
3.85746,11.18,28.35,74.03,80.05
3.867342,12.15,28.35,74.25,80.4
3.876503,13.58,28.43,74.55,80.93
3.885412,15,28.58,74.78,81.44
3.896067,15,28.58,74.78,81.44
3.905202,16.65,28.65,74.62,81.65
3.915298,18.38,28.73,74.85,82.25
3.924204,20.18,28.65,74.55,82.37
3.934518,22.05,28.43,74.33,82.57
3.94355,23.7,28.05,73.65,82.3
3.953842,25.73,27.98,72.75,82.08
3.963382,27.45,27.53,71.85,81.69
3.97331,29.18,27.23,70.73,81.21
3.982447,31.13,27.15,69.75,81.06
3.992938,32.7,26.63,68.48,80.42
4.001978,34.28,26.55,66.98,79.78
4.015205,35.78,26.18,65.25,78.88
4.021945,37.12,26.18,63.75,78.28
4.032272,38.48,25.65,62.25,77.55
4.040333,39.6,25.35,60.45,76.58
4.051254,40.73,25.05,58.65,75.67
4.060197,41.7,24.53,56.85,74.65
4.069934,42.75,24.15,55.05,73.77
4.079542,43.58,23.62,53.55,72.97
4.089819,44.25,23.25,52.13,72.22
4.099108,44.85,22.65,50.55,71.27
4.109701,45.15,22.28,49.43,70.55
4.119774,45.75,22.05,48.45,70.19
4.129912,46.35,21.68,47.78,70
4.137511,46.65,21.23,47.18,69.66
4.148645,46.65,20.85,46.65,69.19
4.156942,46.8,20.62,46.35,69.02
4.169571,46.73,20.33,46.05,68.68
4.178464,46.65,20.48,46.35,68.88
4.186789,46.65,20.48,46.43,68.93
4.196964,46.65,20.48,46.43,68.93
4.206926,46.65,20.55,46.73,69.15
4.214927,46.43,20.78,47.25,69.42
4.225746,45.83,21.08,47.85,69.52
4.23537,45.53,21.45,48.75,70.07
4.244744,45.15,21.75,49.95,70.76
4.253628,44.93,22.35,51.15,71.65
4.264166,44.4,22.65,52.43,72.34
4.272838,43.8,23.18,53.85,73.18
4.283373,43.05,23.78,55.58,74.21
4.292442,42.3,24.45,57.45,75.42
4.302825,41.7,25.05,59.03,76.49
4.312181,40.88,25.73,60.98,77.78
4.322372,39.68,26.33,62.48,78.55
4.331689,38.25,26.85,64.12,79.35
4.342016,36.9,27.53,65.85,80.35
4.350173,35.4,27.98,67.12,80.88
4.361511,33.53,28.28,68.55,81.38
4.370315,31.73,28.28,69.68,81.61
4.380566,29.85,28.58,70.95,82.11
4.389834,27.83,28.65,71.62,82.01
4.399504,25.88,28.58,72.68,82.27
4.408854,24.08,28.43,73.35,82.27
4.418664,22.12,28.35,73.95,82.23
4.428273,20.25,28.35,74.33,82.09
4.438162,18.6,28.35,74.62,81.97
4.446745,16.95,28.35,74.55,81.54
4.45733,15.3,28.13,74.48,81.07
4.468132,14.18,28.13,74.55,80.93
4.476384,12.98,28.28,74.33,80.57
4.485446,12.98,28.28,74.33,80.57
4.495466,11.7,28.35,74.25,80.33
4.505345,10.88,28.35,73.95,79.94
4.516325,10.28,28.13,73.88,79.71
4.525347,9.45,28.05,73.43,79.17
4.535134,8.78,27.83,73.43,79.01
4.544477,8.55,27.98,73.35,78.97
4.55376,8.25,28.05,73.12,78.75
4.563968,8.25,27.83,73.05,78.6
4.575004,8.48,27.68,72.75,78.3
4.583632,8.7,27.53,72.98,78.48
4.594342,9,27.75,73.05,78.66
4.602074,9.9,27.68,73.58,79.23
4.613549,10.8,27.83,73.88,79.68
4.621344,11.78,27.98,73.95,79.94
4.631694,13.05,27.75,74.25,80.33
4.640429,14.55,28.05,74.18,80.63
4.650102,16.2,28.05,74.33,81.08
4.660394,18,28.28,74.55,81.74
4.669948,19.73,28.28,74.48,82.07
4.679749,21.75,28.35,73.95,82.13
4.689842,23.7,28.05,73.28,81.96
4.699893,25.8,27.75,72.68,81.96
4.709385,27.6,27.75,71.93,81.88
4.718297,29.4,27.45,71.48,82.02
4.728813,31.28,27.23,70.43,81.73
4.737187,32.85,26.85,69.08,81.06
4.751994,34.65,26.55,67.65,80.51
4.757394,36.23,26.18,66.45,80.08
4.767806,37.5,25.95,64.73,79.18
4.775851,38.78,25.43,63.23,78.4
4.786106,38.78,25.43,63.23,78.4
4.794843,40.12,25.05,61.58,77.65
4.805688,41.03,24.75,59.78,76.61
4.814779,42,24.23,58.05,75.64
4.824752,42.98,23.78,56.25,74.67
4.834627,43.73,23.33,54.23,73.46
4.844626,44.1,22.95,52.43,72.25
4.853453,44.93,22.58,51.38,71.88
4.869341,45.23,22.12,49.95,70.92
4.872292,45.38,21.98,48.75,70.13
4.883051,45.9,21.45,47.62,69.53
4.892127,45.9,21.15,47.03,69.03
4.902672,46.05,21.15,46.73,68.93
4.910916,46.2,20.93,46.65,68.91
4.921475,46.5,21.15,46.65,69.18
4.930544,46.5,20.85,46.35,68.89
4.940536,46.65,20.93,46.35,69.01
4.950817,46.95,21.15,46.43,69.33
4.960185,46.8,21.08,46.95,69.56
4.969459,46.95,21.38,47.25,69.96
4.981169,46.8,21.53,47.85,70.31
4.988737,46.35,21.98,48.45,70.56
4.999032,45.98,22.12,49.35,70.98
5.008454,45.53,22.58,50.55,71.68
5.020353,45.08,23.03,51.98,72.55
5.028018,44.33,23.25,53.18,73.03
5.037678,43.73,24.15,54.53,73.95
5.047381,42.9,24.45,56.25,74.85
5.056785,42,25.05,57.98,75.85
5.066078,41.03,25.58,59.55,76.7
5.076285,39.9,26.03,61.58,77.85
5.08595,39.9,26.03,61.58,77.85
5.096654,38.7,26.63,63.15,78.71
5.10484,37.28,27.08,64.95,79.63
5.116575,35.55,27.38,66.75,80.43
5.124102,33.83,27.75,68.25,81.07
5.134801,32.03,28.05,69.45,81.46
5.143095,30.15,28.28,70.73,81.92
5.154016,28.2,28.43,71.93,82.32
5.163685,26.1,28.58,72.75,82.4
5.173985,23.85,28.43,73.65,82.47
5.183231,21.98,28.58,73.95,82.27
5.19364,20.1,28.65,74.62,82.42
5.20206,18,28.43,74.78,82
5.213364,16.12,28.35,74.93,81.72
5.221831,14.55,28.28,74.62,81.12
5.233538,13.35,28.05,74.55,80.76
5.240162,12.3,27.98,74.55,80.57
5.251438,11.25,27.98,74.25,80.14
5.260059,10.2,27.75,73.88,79.57
5.270796,9.45,27.75,73.65,79.27
5.27977,9.08,27.83,73.65,79.25
5.289609,8.85,27.83,73.43,79.02
5.299074,8.48,27.83,73.35,78.91
5.309675,8.25,28.05,73.28,78.89
5.318223,8.03,27.83,73.35,78.86
5.328897,8.48,27.83,73.65,79.19
5.338156,9.08,27.75,73.73,79.3
5.351962,9.83,27.83,73.65,79.34
5.356433,10.58,27.75,73.88,79.62
5.366812,11.4,27.75,74.25,80.08
5.375746,11.4,27.75,74.25,80.08
5.386111,12.3,27.75,74.48,80.42
5.395412,13.5,27.53,74.62,80.68
5.405206,14.85,27.68,74.62,80.96
5.415965,16.35,28.05,74.62,81.38
5.424422,17.93,28.35,74.85,82.02
5.433638,19.65,28.13,74.55,82.07
5.444078,21.6,28.35,74.25,82.36
5.456203,23.4,28.35,73.65,82.31
5.465032,25.5,28.13,73.35,82.59
5.472805,27.23,28.13,72.68,82.55
5.48292,29.33,28.13,71.85,82.54
5.491972,31.05,27.75,70.65,82.01
5.503161,32.55,27.38,69.38,81.37
5.511795,33.9,26.93,68.18,80.76
5.52209,35.18,26.48,66.68,79.9
5.530493,36.6,25.95,64.95,78.94
5.541102,37.95,25.65,63.08,77.95
5.549646,39.23,25.05,61.35,77.01
5.559957,40.28,24.53,59.25,75.72
5.569148,41.33,23.85,57.45,74.68
5.579395,42.38,23.25,55.95,73.94
5.588683,43.35,22.95,54.45,73.29
5.598774,44.18,22.65,52.88,72.53
5.608151,44.78,22.35,51.45,71.77
5.618363,45.08,21.75,50.25,70.92
5.636362,45.53,21.38,49.05,70.25
5.637437,46.05,21.15,48.23,69.95
5.646676,46.28,21.08,47.48,69.57
5.656985,46.35,21.08,46.43,68.9
5.665793,46.58,20.85,46.12,68.79
5.676022,46.58,20.85,46.12,68.79
5.685008,46.88,20.85,46.05,68.94
5.695568,47.03,20.85,46.28,69.19
5.704747,47.33,20.93,46.12,69.32
5.714895,47.33,21.08,46.43,69.56
5.724011,46.8,21.15,46.65,69.38
5.735272,46.65,21.23,47.33,69.76
5.743237,46.43,21.38,48.45,70.42
5.753907,46.12,21.83,49.35,70.99
5.770934,45.45,22.05,50.63,71.52
5.775576,45,22.43,52.05,72.37
5.78196,44.4,23.03,53.48,73.22
5.792648,43.65,23.62,55.13,74.18
5.801361,43.2,24.45,57.08,75.64
5.812842,42.38,25.13,58.65,76.59
5.820839,41.4,25.73,60.45,77.65
5.830271,40.05,26.25,62.25,78.54
5.839623,38.93,26.78,63.75,79.35
5.849753,37.58,27.23,65.33,80.13
5.858644,36.08,27.83,67.28,81.25
5.869416,34.58,28.35,68.78,82.03
5.878394,32.85,28.65,70.05,82.5
5.88864,30.98,28.65,71.33,82.87
5.898111,29.1,28.73,72.38,83.13
5.908424,27.38,28.88,73.05,83.18
5.917532,25.35,29.03,73.73,83.19
5.933688,23.33,29.03,74.03,82.86
5.936638,21.23,28.65,74.48,82.57
5.946912,19.2,28.43,74.33,81.86
5.955849,17.25,28.35,74.55,81.6
5.966317,15.6,28.35,74.55,81.27
5.977323,15.6,28.35,74.55,81.27
5.985419,14.18,28.43,74.62,81.1
5.99515,12.83,28.05,74.55,80.68
6.004283,11.7,27.98,74.33,80.27
6.014307,10.5,27.53,74.55,80.16
6.024552,9.68,27.45,74.25,79.75
6.033503,9,27.45,74.18,79.6
6.046239,8.48,27.23,74.03,79.33
6.052917,7.88,27.23,73.95,79.19
6.063759,7.5,27.08,73.65,78.83
6.073008,7.43,27.45,73.65,78.95
6.082734,7.43,27.15,73.35,78.57
6.101698,7.8,27.68,73.05,78.51
6.102808,8.33,28.05,73.28,78.9
6.110553,8.93,28.35,73.65,79.42
6.120483,9.68,28.35,73.65,79.51
6.13031,10.95,28.43,73.73,79.77
6.140531,11.93,28.65,74.03,80.27
6.149809,12.98,28.65,73.95,80.36
6.1614,14.4,28.73,74.55,81.18
6.169358,16.05,28.58,74.55,81.44
6.183797,17.78,28.43,74.33,81.54
6.188446,19.73,28.35,74.03,81.69
6.205757,21.75,28.28,73.43,81.63
6.209373,23.62,28.13,73.05,81.76
6.217825,25.8,28.28,72.38,81.87
6.227088,27.9,28.05,71.78,81.96
6.236808,29.7,27.98,70.12,81.13
6.246416,31.43,27.75,68.93,80.67
6.256632,33.23,27.45,67.65,80.21
6.265592,33.23,27.45,67.65,80.21
6.276298,35.03,26.93,66.15,79.55
6.285088,36.6,26.55,64.65,78.89
6.298641,38.18,26.18,63.08,78.24
6.304345,39.6,25.35,61.58,77.47
6.316765,40.88,24.98,59.85,76.66
6.323738,42.15,24.45,58.35,76.02
6.334528,43.12,23.78,56.85,75.21
6.34303,43.8,23.18,55.28,74.24
6.352991,44.18,22.65,53.63,73.08
6.362456,44.78,22.28,52.35,72.4
6.373047,45.08,21.75,51.08,71.51
6.382588,45.45,21.45,49.73,70.7
6.392557,45.6,20.85,48.75,69.93
6.401535,45.68,20.55,48.15,69.48
6.414537,45.9,20.33,47.33,68.99
6.420931,45.9,19.95,46.88,68.57
6.431068,46.28,19.95,46.65,68.67
6.439713,46.5,19.95,46.35,68.62
6.449495,46.43,20.03,46.28,68.54
6.458867,46.5,20.18,46.28,68.63
6.468981,46.5,20.55,46.65,69
6.478457,46.65,20.55,47.25,69.51
6.48882,46.5,20.85,47.85,69.9
6.497773,46.43,21.38,48.45,70.42
6.509814,46.2,21.68,49.58,71.15
6.517238,45.75,22.05,50.78,71.81
6.528157,45.53,22.43,52.05,72.7
6.536477,44.85,22.95,53.48,73.47
6.549021,44.33,23.25,54.53,74.02
6.556087,43.73,23.93,56.25,75.16
6.57066,43.73,23.93,56.25,75.16
6.576166,42.9,24.53,57.83,76.06
6.58496,41.85,24.98,59.78,77.12
6.594214,40.8,25.43,61.35,77.94
6.604802,39.45,25.95,62.93,78.67
6.614004,38.18,26.55,64.58,79.57
6.624928,36.83,27.08,66.15,80.4
6.633092,35.48,27.53,67.65,81.19
6.644583,33.6,27.75,68.85,81.48
6.652644,31.73,28.13,70.05,81.88
6.663426,30.3,28.73,71.25,82.58
6.673306,28.28,28.88,72.23,82.76
6.683034,26.25,28.73,73.05,82.77
6.701825,24,28.65,73.65,82.59
6.702834,21.75,28.58,73.73,82.01
6.710279,19.58,28.43,74.18,81.81
6.721015,17.4,28.43,74.25,81.39
6.729805,15.6,28.35,74.33,81.06
6.741013,13.65,27.98,74.03,80.3
6.749346,12.23,27.98,73.95,80
6.76039,11.03,27.83,73.88,79.71
6.768753,10.28,27.83,73.65,79.4
6.778916,9.6,27.83,73.65,79.31
6.78814,9,27.68,73.65,79.19
6.798434,8.93,27.45,73.43,78.89
6.813302,8.78,27.38,73.65,79.06
6.817679,8.7,27.45,73.65,79.08
6.83163,8.7,27.53,73.65,79.11
6.836644,8.93,27.75,73.95,79.49
6.846133,9.15,27.75,74.33,79.86
6.856455,9.6,27.68,74.33,79.89
6.865246,9.6,27.68,74.33,79.89
6.876641,10.35,27.83,74.55,80.24
6.884313,11.03,28.05,74.48,80.34
6.896408,12.08,28.05,74.48,80.49
6.904168,13.35,28.13,74.85,81.07
6.914328,14.55,27.98,74.78,81.15
6.930087,15.98,27.98,74.85,81.49
6.933577,17.48,28.05,74.55,81.55
6.951455,19.2,28.13,74.62,82.03
6.953168,20.93,27.83,74.48,82.21
6.96215,22.88,27.83,74.25,82.53
6.973352,24.68,27.75,73.65,82.48
6.98195,26.4,27.75,72.75,82.22
6.993522,28.35,27.45,71.93,82.04
7.001902,30.15,27.38,70.88,81.74
7.011613,32.03,27.15,69.75,81.41
7.020164,33.68,26.55,68.33,80.67
7.03001,35.18,26.25,67.28,80.33
7.040502,36.53,25.88,65.55,79.38
7.048991,38.03,25.35,64.05,78.68
7.059978,39.53,24.75,62.33,77.84
7.06884,40.65,24.45,60.75,77.08
7.07854,41.7,24.08,59.03,76.17
7.089909,42.68,23.55,57.23,75.17
7.097457,43.58,23.33,55.65,74.43
7.108176,44.25,23.03,53.85,73.4
7.117563,45.08,22.73,52.58,72.89
7.128232,45.53,22.35,51.15,72.03
7.13668,45.75,22.05,49.95,71.23
7.147133,46.2,22.05,48.75,70.69
7.158379,46.2,22.05,48.75,70.69
7.166381,46.58,21.75,47.78,70.18
7.174762,46.65,21.45,46.95,69.57
7.185293,46.65,21.15,46.35,69.08
7.194325,46.8,21.08,45.75,68.76
7.205437,46.8,20.62,45.45,68.42
7.215949,46.8,20.78,45.53,68.52
7.224565,46.73,20.62,45.83,68.62
7.234149,46.35,20.62,46.35,68.72
7.243228,46.2,20.85,47.18,69.24
7.254639,45.9,20.85,47.93,69.56
7.26368,45.53,21.15,48.98,70.13
7.27567,45.15,21.53,50.25,70.9
7.284276,44.62,22.12,51.75,71.83
7.291125,44.03,22.73,52.95,72.51
7.302557,43.43,23.33,54.38,73.39
7.315458,42.75,24.08,55.88,74.36
7.321511,41.85,24.45,57.45,75.16
7.331346,41.1,25.28,59.25,76.41
7.342576,40.35,25.65,60.98,77.49
7.35019,39.3,26.18,62.55,78.37
7.358891,37.88,26.78,64.05,79.08
7.369649,36.68,27.15,65.85,80.11
7.379687,35.1,27.38,67.43,80.79
7.39053,33.6,27.68,68.78,81.39
7.399148,31.73,27.83,69.98,81.71
7.407636,29.7,28.28,71.18,82.14
7.418788,27.75,28.43,72.15,82.36
7.427336,25.73,28.58,72.83,82.35
7.437766,23.78,28.65,73.58,82.46
7.446243,21.83,28.65,73.95,82.25
7.457092,21.83,28.65,73.95,82.25
7.465354,20.1,28.88,74.25,82.16
7.475723,18.15,28.65,74.25,81.63
7.48438,16.73,28.73,74.55,81.62
7.495391,15.3,28.35,74.25,80.94
7.50667,14.03,28.43,74.03,80.53
7.516228,12.83,28.58,74.25,80.59
7.523242,12,28.58,74.25,80.46
7.536632,10.88,28.35,73.95,79.94
7.544764,10.12,28.28,73.88,79.75
7.554052,9.75,28.13,73.95,79.72
7.562343,9.15,28.05,73.73,79.41
7.573197,8.85,28.05,73.65,79.31
7.583062,8.33,27.83,73.65,79.17
7.591985,8.33,27.75,73.35,78.86
7.601512,8.4,27.75,73.35,78.87
7.611861,8.78,27.75,73.43,78.98
7.620469,9.08,27.75,73.58,79.16
7.631034,9.6,27.68,73.65,79.26
7.640167,10.28,27.83,73.73,79.47
7.650774,11.25,28.05,74.03,79.96
7.658468,12.53,28.28,74.48,80.64
7.669817,13.73,28.35,74.62,81
7.679177,15,28.35,74.55,81.16
7.691449,16.5,28.43,74.78,81.68
7.697267,18.38,28.58,74.78,82.13
7.707245,20.1,28.73,74.55,82.38
7.716758,22.28,28.58,74.03,82.42
7.728305,24.38,28.35,73.43,82.4
7.736153,26.63,28.05,72.45,82.13
7.750355,28.65,27.53,71.48,81.77
7.756275,28.65,27.53,71.48,81.77
7.766728,30.9,27.38,70.43,81.63
7.77514,32.7,27.15,68.85,80.91
7.785552,34.43,26.78,67.35,80.24
7.794145,36.23,26.18,65.62,79.4
7.805917,37.73,25.88,64.05,78.71
7.813889,39,25.58,62.18,77.72
7.823357,40.12,24.98,60.53,76.79
7.832695,41.62,24.75,58.88,76.23
7.843412,42.53,24.08,57.15,75.19
7.854952,43.58,23.55,55.88,74.67
7.863678,44.48,23.03,54.38,73.92
7.872538,45.08,22.43,52.95,73.06
7.884237,45.53,22.05,51.68,72.31
7.890822,46.05,21.45,50.78,71.82
7.902344,46.43,21.45,49.65,71.28
7.910506,46.35,21.08,48.75,70.49
7.921112,46.5,20.78,47.85,69.88
7.930314,46.88,20.33,47.03,69.44
7.939266,46.95,20.33,46.43,69.08
7.949688,47.1,20.48,46.05,68.98
7.960028,47.25,20.33,45.83,68.89
7.96853,47.33,20.55,45.75,68.96
7.979628,47.33,20.48,45.75,68.93
7.989854,47.25,20.78,45.75,68.97
7.99831,47.25,21.08,46.58,69.61
8.008555,46.73,21.38,47.25,69.8
8.017433,46.43,21.75,48.08,70.28
8.032383,46.05,22.12,49.43,71.08
8.044442,45.53,22.35,50.55,71.61
8.045526,45.53,22.35,50.55,71.61
8.055657,44.93,22.73,51.98,72.36
8.064671,44.33,23.25,53.78,73.46
8.075281,43.73,23.62,55.73,74.67
8.085138,42.9,24.23,57.23,75.51
8.094049,42.08,24.98,58.95,76.61
8.103862,40.95,25.35,60.75,77.52
8.113998,39.83,25.95,62.55,78.56
8.123149,38.7,26.55,64.58,79.83
8.133545,37.12,27.08,65.93,80.36
8.143298,35.4,27.45,67.28,80.82
8.160173,33.68,27.75,68.33,81.07
8.162409,31.88,27.98,69.53,81.44
8.175566,30.08,28.28,71.03,82.15
8.181095,28.28,28.58,72.15,82.59
8.192101,26.48,28.65,72.75,82.55
8.200195,24.53,28.73,73.35,82.5
8.210406,22.88,28.88,73.88,82.55
8.220516,21.45,28.65,74.33,82.49
8.229757,19.73,28.65,74.78,82.47
8.239211,17.93,28.65,74.85,82.13
8.249472,16.43,28.35,74.78,81.64
8.25863,14.78,28.05,74.62,81.08
8.269658,13.35,27.98,74.48,80.67
8.278067,12.15,27.75,74.25,80.19
8.29113,10.88,27.45,74.18,79.84
8.297953,9.75,27.53,73.88,79.44
8.310645,8.85,27.45,73.65,79.1
8.316417,8.4,27.45,73.43,78.84
8.326406,8.03,27.45,73.35,78.73
8.336251,8.1,27.75,73.05,78.56
8.345838,8.1,27.75,73.05,78.56
8.355437,8.33,27.45,73.28,78.69
8.365657,8.7,27.45,73.35,78.8
8.374554,9.15,27.75,73.65,79.23
8.385025,9.6,27.83,73.65,79.31
8.394478,10.58,27.83,73.73,79.51
8.404065,11.55,28.05,74.03,80
8.413538,12.75,28.28,74.25,80.47
8.423962,13.95,28.05,74.55,80.86
8.445057,15.23,28.35,74.62,81.27
8.446289,16.58,28.58,74.85,81.82
8.452781,18.23,28.58,74.55,81.89
8.462331,19.95,28.65,74.55,82.32
8.471681,21.83,28.65,74.25,82.52
8.481896,23.7,28.65,73.65,82.5
8.490773,25.5,28.35,73.05,82.4
8.501387,27.6,28.35,72.23,82.35
8.510055,29.4,28.13,71.25,82.05
8.520112,31.28,27.83,70.05,81.6
8.529156,32.93,27.53,68.85,81.13
8.540096,34.58,27.08,67.43,80.47
8.548865,35.93,26.55,65.85,79.57
8.559093,37.35,25.95,64.58,78.98
8.568381,38.55,25.43,62.78,77.93
8.578027,39.68,25.05,61.05,77
8.587633,40.88,24.45,59.25,76.02
8.597394,41.78,24.08,57.68,75.17
8.606484,42.75,23.48,56.18,74.39
8.617149,43.65,23.18,54.38,73.48
8.626105,44.4,22.65,53.18,72.88
8.636477,44.85,22.28,51.68,71.96
8.645795,44.85,22.28,51.68,71.96
8.656223,45.45,22.05,50.55,71.46
8.664587,45.68,21.53,49.13,70.45
8.674928,45.68,21.15,48.38,69.81
8.690532,45.83,20.85,47.55,69.25
8.694507,46.05,20.62,46.95,68.92
8.703078,46.05,20.48,46.43,68.52
8.713289,46.2,20.25,45.83,68.15
8.723333,46.28,20.25,45.75,68.15
8.733627,46.35,20.25,45.75,68.2
8.742959,46.35,20.25,46.28,68.55
8.752905,46.43,20.55,46.65,68.95
8.761735,46.5,20.85,47.25,69.49
8.772823,46.2,21.15,47.93,69.85
8.781091,46.05,21.53,49.28,70.8
8.790885,45.75,22.12,50.63,71.73
8.81561,45.23,22.58,52.05,72.55
8.819406,44.55,23.18,53.63,73.47
8.82001,44.03,23.85,55.05,74.41
8.829787,43.5,24.38,56.63,75.45
8.839024,42.53,24.83,58.13,76.18
8.849603,41.62,25.58,59.85,77.26
8.858335,40.43,25.95,61.35,77.92
8.868612,39.08,26.55,63.15,78.86
8.877696,37.88,26.93,64.73,79.68
8.888449,36.45,27.45,66.38,80.55
8.897468,34.73,27.75,67.95,81.2
8.907123,32.93,28.05,69.45,81.82
8.921898,31.05,28.28,70.73,82.25
8.926537,29.33,28.35,71.78,82.56
8.941179,29.33,28.35,71.78,82.56
8.949162,27.6,28.65,72.83,82.98
8.954702,25.58,28.58,73.43,82.84
8.965408,23.78,28.95,73.95,82.9
8.975065,22.05,28.43,74.48,82.71
8.984982,20.18,28.43,74.62,82.36
8.993505,18.3,28.35,74.55,81.83
9.004666,16.88,28.35,74.55,81.52
9.013104,15.3,28.05,74.55,81.11
9.023322,13.88,28.05,74.33,80.64
9.034056,12.75,28.05,74.25,80.39
9.043315,11.62,27.98,74.18,80.12
9.055262,10.58,28.05,73.95,79.79
9.062501,10.05,28.13,73.65,79.48
9.075203,9.6,27.83,73.73,79.38
9.084144,9.23,27.75,73.58,79.17
9.090265,8.85,27.75,73.35,78.92
9.100426,8.62,27.23,73.35,78.71
9.109377,8.7,27.15,73.43,78.77
9.120292,9,26.93,73.28,78.58
9.128765,9.6,27.15,73.43,78.87
9.138789,10.05,26.93,73.43,78.85
9.153597,10.8,27.23,73.43,79.05
9.159933,11.48,27.23,73.88,79.56
9.168017,12.75,27.75,73.95,80.01
9.177644,14.03,28.05,74.25,80.6
9.187064,15.3,28.28,73.95,80.64
9.19819,16.65,28.35,74.25,81.2
9.206301,18.08,28.58,74.18,81.52
9.216775,19.58,28.73,74.03,81.78
9.22569,21.45,28.65,73.95,82.16
9.236571,21.45,28.65,73.95,82.16
9.245364,23.18,28.65,73.58,82.29
9.256718,24.83,28.35,73.12,82.26
9.270331,26.93,28.28,72.08,81.97
9.275102,28.95,28.05,71.03,81.67
9.288574,31.05,27.83,69.83,81.33
9.295958,33.08,27.38,68.48,80.82
9.303783,35.1,26.78,66.83,80.09
9.315008,36.75,26.55,64.95,79.21
9.32323,38.62,26.03,63.15,78.47
9.333839,40.43,25.65,61.05,77.58
9.34283,41.62,25.28,59.18,76.64
9.353503,42.75,24.75,57.45,75.77
9.361724,43.58,23.85,55.88,74.76
9.372115,43.88,23.33,54.15,73.49
9.387436,44.48,22.73,52.65,72.57
9.390764,44.93,22.12,51.45,71.8
9.408323,45.3,21.83,50.18,71.03
9.409822,45.45,21.45,49.35,70.44
9.419085,45.68,20.85,48.53,69.83
9.430416,45.83,20.55,47.78,69.32
9.438422,46.05,20.55,46.95,68.9
9.448989,46.58,20.55,46.35,68.85
9.457913,46.58,20.78,46.28,68.86
9.469141,46.58,20.78,46.05,68.71
9.477373,46.5,20.55,46.12,68.64
9.48785,46.58,20.55,46.28,68.8
9.497695,46.5,20.62,46.73,69.07
9.507419,46.5,20.85,47.25,69.49
9.516858,46.12,21.15,48.08,69.9
9.526322,45.9,21.53,48.98,70.49
9.536867,45.9,21.53,48.98,70.49
9.55383,45.98,21.83,49.88,71.26
9.554928,45.75,22.28,51.08,72.1
9.564398,45.23,22.65,52.35,72.79
9.573679,44.62,23.33,53.85,73.72
9.584399,43.88,24.08,55.35,74.62
9.593349,43.12,24.45,56.85,75.43
9.603847,42.3,24.75,58.58,76.37
9.615216,41.18,25.13,60.15,77.1
9.623127,39.98,25.73,61.65,77.85
9.632444,38.7,26.25,63.38,78.76
9.64275,37.35,26.63,64.65,79.27
9.652241,35.85,27.15,66.38,80.17
9.669155,34.28,27.45,67.73,80.72
9.670853,32.33,27.83,69.23,81.31
9.687718,30.45,28.13,70.35,81.65
9.689803,28.58,28.58,71.78,82.37
9.699824,26.7,28.65,72.75,82.62
9.709844,24.68,28.58,73.58,82.7
9.719264,22.88,28.65,74.25,82.81
9.729817,20.93,28.35,74.62,82.53
9.739332,19.2,28.05,75.08,82.41
9.749082,17.7,28.05,74.93,81.94
9.758214,16.28,27.98,75.15,81.82
9.770769,14.93,27.75,75.08,81.42
9.790201,13.35,27.45,74.78,80.77
9.791369,12.3,27.38,74.48,80.29
9.797004,11.03,27.45,74.48,80.13
9.805875,10.12,27.45,73.95,79.53
9.81688,9.38,27.75,73.73,79.33
9.825545,9.38,27.75,73.73,79.33
9.835861,8.85,27.53,73.88,79.33
9.845683,8.25,27.75,73.65,79.14
9.855343,8.1,27.75,73.43,78.91
9.866501,8.1,27.83,73.65,79.15
9.874359,8.25,27.83,73.65,79.16
9.884088,8.78,27.83,73.58,79.15
9.902126,9.23,27.75,73.65,79.24
9.904082,10.05,27.68,73.65,79.32
9.917981,10.95,27.75,73.73,79.53
9.922319,12.15,27.68,73.88,79.82
9.935008,13.13,27.68,74.03,80.11
9.94236,14.63,27.68,74.18,80.51
9.952728,15.98,27.75,74.25,80.86
9.962218,17.62,27.83,74.78,81.71
9.972393,19.35,27.98,74.62,82.01
9.980429,20.78,27.83,74.48,82.17
9.990465,22.58,27.75,74.03,82.22
10.000296,24.6,28.05,73.65,82.56
10.010118,26.55,28.05,72.98,82.57
10.019353,28.2,27.98,71.93,82.16
10.039094,30.08,27.75,70.95,81.91
10.040338,32.03,27.45,69.38,81.19
10.052204,33.9,27.15,68.03,80.71
10.05811,35.7,26.85,66.75,80.32
10.067991,37.2,26.25,64.95,79.32
10.077966,38.7,25.65,63.45,78.62
10.087871,40.05,24.83,61.73,77.65
10.097918,41.25,24.45,60.15,76.92
10.10731,42.23,23.93,58.43,75.95
10.116692,42.9,23.48,56.85,74.99
10.127367,42.9,23.48,56.85,74.99
10.136722,43.65,22.95,55.35,74.13
10.146463,44.55,22.58,53.85,73.44
10.154775,45.15,22.12,52.43,72.64
10.165049,45.45,21.98,50.93,71.71
10.173933,45.6,21.68,49.65,70.81
10.18444,45.98,21.38,48.68,70.28
10.195256,46.2,21.15,47.85,69.8
10.207333,46.5,20.85,46.95,69.29
10.220809,46.43,20.78,46.12,68.66
10.222681,46.28,20.55,45.75,68.24
10.232838,46.2,20.55,45.45,67.99
10.242412,46.28,20.33,45.45,67.97
10.254445,46.28,20.55,45.98,68.39
10.261873,46.05,20.55,46.05,68.29
10.270532,45.98,20.55,46.28,68.39
10.281085,45.83,20.85,47.25,69.05
10.289799,45.75,21.23,48.68,70.09
10.300445,45.53,21.98,49.73,70.91
10.310062,45.15,22.12,51.38,71.88
10.319411,44.62,22.73,52.88,72.83
10.328868,44.18,23.25,54.15,73.65
10.338385,43.73,24.08,55.88,74.92
10.348567,42.98,24.68,57.75,76.1
10.358367,41.93,25.13,59.93,77.33
10.367493,40.65,25.65,61.35,77.94
10.37862,39.53,26.03,63.08,78.85
10.386464,38.18,26.78,64.73,79.77
10.397837,36.68,27.15,66.15,80.36
10.412451,35.03,27.45,67.73,81.04
10.41645,33.23,27.75,69.38,81.77
10.42654,33.23,27.75,69.38,81.77
10.437213,31.43,27.98,70.43,82.04
10.44469,29.55,28.13,70.95,81.84
10.45496,27.98,28.05,71.93,82.11
10.464261,26.1,28.35,72.75,82.33
10.474148,24,28.43,72.83,81.78
10.483435,22.05,28.35,73.35,81.67
10.494921,20.33,28.43,73.73,81.59
10.503243,18.68,28.58,73.88,81.38
10.51418,17.18,28.58,74.25,81.39
10.522732,15.75,28.58,74.25,81.1
10.532867,14.33,28.58,74.25,80.84
10.543281,13.13,28.28,74.25,80.53
10.553449,12.23,28.35,74.18,80.34
10.561328,11.18,28.13,73.88,79.83
10.572017,10.28,28.05,73.65,79.48
10.580628,9.6,27.75,73.35,79.01
10.590771,8.85,27.68,73.05,78.62
10.599481,8.33,27.45,73.05,78.48
10.616631,8.1,27.68,73.05,78.54
10.6187,8.03,27.53,73.28,78.68
10.628528,8.33,27.45,73.65,79.04
10.637801,8.7,27.75,73.95,79.46
10.648729,9.23,27.83,74.18,79.76
10.657189,9.83,28.05,74.55,80.26
10.668465,10.58,27.98,74.78,80.53
10.677699,11.62,28.05,74.85,80.77
10.686997,12.68,27.83,74.78,80.78
10.696706,13.8,27.98,74.62,80.88
10.706538,15.08,27.75,74.55,80.96
10.716397,15.08,27.75,74.55,80.96
10.734544,16.8,27.75,74.55,81.3
10.735616,18.45,27.68,74.03,81.15
10.756457,20.25,27.53,73.43,80.99
10.757795,22.12,27.83,73.05,81.24
10.764446,24,27.98,72.75,81.55
10.773175,25.95,28.05,72.15,81.64
10.783727,27.75,27.83,71.48,81.57
10.793618,29.93,28.05,70.65,81.69
10.802791,31.73,27.75,69.68,81.43
10.813074,33.53,27.45,68.33,80.91
10.823254,35.1,26.85,66.75,80.05
10.832037,36.83,26.25,65.25,79.39
10.847813,38.4,25.65,63.15,78.23
10.851493,39.75,24.98,61.13,77.07
10.86712,41.03,24.23,59.25,76.03
10.870005,41.85,23.48,57.23,74.68
10.880242,42.83,22.95,55.13,73.48
10.88938,43.73,22.65,53.63,72.8
10.900121,44.48,22.35,52.35,72.24
10.909086,45.08,21.98,50.85,71.42
10.918911,45.38,21.75,49.65,70.69
10.929481,45.75,21.53,48.83,70.29
10.938725,46.05,21.53,47.93,69.86
10.948479,46.28,21.45,47.25,69.53
10.958705,46.35,21.15,46.88,69.23
10.967328,46.43,20.93,46.58,69.01
10.982434,46.43,20.85,46.28,68.79
10.986485,46.43,20.85,46.28,68.79
11.005139,46.5,20.62,46.65,69.02
11.006561,46.35,20.85,46.65,68.99
11.015847,46.35,20.85,46.65,68.99
11.025493,46.43,20.78,47.03,69.27
11.034983,46.05,20.85,47.62,69.45
11.044421,45.75,21.15,48.45,69.91
11.059024,45.45,21.38,49.13,70.26
11.063765,45.23,21.68,50.33,71.05
11.075885,44.78,21.83,51.45,71.61
11.083316,44.33,22.35,52.43,72.2
11.093698,43.8,22.65,54.08,73.18
11.102934,42.9,23.33,55.65,74.04
11.113391,42.3,23.85,57.23,75.05
11.132689,41.4,24.45,59.18,76.25
11.134085,40.28,25.05,61.05,77.31
11.142088,39.08,25.73,62.78,78.29
11.151893,37.73,26.25,64.58,79.26
11.160347,36.3,26.63,66.15,80.02
11.170645,34.73,26.93,67.58,80.6
11.180807,33.15,27.08,69.15,81.32
11.191336,31.28,27.53,70.35,81.76
11.199618,29.4,27.45,71.18,81.75
11.212415,27.6,27.53,71.85,81.74
11.218502,25.88,27.75,72.68,81.98
11.230642,24.15,27.98,73.43,82.2
11.23796,22.43,28.13,74.25,82.5
11.248214,20.62,28.28,74.78,82.56
11.257268,18.83,28.43,74.85,82.25
11.267481,17.33,28.13,75.08,82.02
11.276749,15.9,28.05,75.23,81.84
11.286778,14.48,28.13,75.15,81.54
11.296328,12.98,27.98,74.78,80.88
11.30638,11.78,27.75,74.25,80.14
11.31526,11.78,27.75,74.25,80.14
11.325941,10.73,27.68,73.88,79.61
11.335181,9.83,27.53,73.35,78.96
11.347334,9.08,27.45,73.28,78.77
11.354844,8.7,27.53,73.12,78.62
11.368602,8.4,27.68,72.75,78.29
11.375746,8.4,27.68,73.05,78.57
11.38342,8.55,27.75,73.35,78.89
11.392915,9.08,27.83,73.35,78.97
11.402867,9.38,27.98,73.58,79.27
11.412894,10.2,28.35,73.95,79.85
11.423906,11.48,28.35,73.88,79.96
11.431724,12.53,28.35,73.95,80.18
11.442613,13.73,28.58,74.25,80.73
11.450579,15.23,28.58,74.33,81.07
11.463335,16.58,28.43,74.55,81.49
11.470289,18,28.43,74.78,82
11.485811,19.8,28.35,74.62,82.25
11.492151,21.6,28.05,74.55,82.53
11.499129,23.25,28.05,74.55,82.98
11.508689,24.83,27.98,74.18,83.07
11.519135,26.78,27.75,73.43,82.93
11.528407,28.35,27.45,72.45,82.5
11.54024,30.23,27.23,71.25,82.04
11.547366,31.73,26.93,70.43,81.8
11.558163,33.45,26.78,69.15,81.35
11.566806,34.95,26.25,67.43,80.35
11.577221,36.3,25.73,65.85,79.47
11.586396,37.8,25.35,64.28,78.76
11.596849,38.85,25.05,62.63,77.84
11.617107,38.85,25.05,62.63,77.84
11.618163,40.12,24.75,61.05,77.13
11.625404,41.03,24.45,59.48,76.28
11.635043,42.08,23.85,57.38,75.04
11.644212,42.83,23.55,55.73,74.12
11.655466,43.65,23.03,54.38,73.43
11.663685,44.33,22.73,52.88,72.64
11.674382,44.85,22.58,51.38,71.84
11.683063,45.38,22.05,50.18,71.15
11.696624,45.68,21.68,49.05,70.44
11.702677,46.35,21.23,48.15,70.12
11.712722,46.5,21.15,47.33,69.64
11.731689,46.73,20.85,46.65,69.24
11.733015,46.58,20.85,46.35,68.94
11.742361,46.73,20.62,46.28,68.92
11.753066,46.88,20.78,46.35,69.12
11.760535,46.8,20.85,46.58,69.24
11.771014,46.73,20.85,46.65,69.24
11.779675,46.73,21.23,47.03,69.61
11.790081,46.8,21.45,47.85,70.28
11.799609,46.58,21.68,48.75,70.82
11.809319,46.43,21.75,49.43,71.21
11.820118,46.12,22.05,50.33,71.74
11.830176,45.53,22.65,51.53,72.39
11.842284,45,23.18,52.95,73.25
11.848247,44.4,23.78,54.75,74.39
11.857076,43.35,23.93,56.48,75.11
11.867147,42.45,24.53,58.13,76.04
11.876795,41.33,25.35,59.85,77.02
11.890306,40.05,25.95,61.73,78.02
11.897513,38.62,26.63,63.68,79.09
11.908281,38.62,26.63,63.68,79.09
11.915806,37.28,26.85,65.33,79.86
11.925402,35.78,27.15,66.98,80.64
11.935319,34.12,27.38,68.25,81.07
11.945441,32.18,27.68,69.53,81.45
11.957104,30.3,27.83,70.73,81.82
11.964672,28.5,27.75,71.62,81.93
11.97299,26.7,28.13,72.45,82.18
11.983325,24.75,28.05,73.12,82.14
11.992798,22.88,28.35,73.43,81.96
12.003082,20.93,28.28,73.65,81.62
12.01418,19.2,28.28,73.73,81.26
12.02237,17.62,28.35,73.73,80.93
12.031037,16.12,28.28,73.65,80.52
12.041873,14.78,28.35,73.95,80.56
12.050398,13.5,28.05,73.65,79.96
12.061001,12.3,27.98,73.35,79.46
12.073282,11.25,27.98,73.43,79.38
12.080857,10.43,27.83,73.43,79.21
12.088793,9.6,27.98,73.12,78.88
12.100194,9,27.83,73.05,78.69
12.108733,8.62,27.75,73.05,78.62
12.119192,8.25,27.68,72.75,78.27
12.128113,8.25,27.75,73.05,78.58
12.138158,8.48,27.83,73.12,78.7
12.147713,8.62,27.68,73.05,78.59
12.157068,9.45,27.75,73.35,78.99
12.166254,10.12,27.83,73.88,79.59
12.17645,10.95,27.98,73.88,79.75
12.185884,11.62,28.13,74.03,80.04
12.197085,12.83,28.28,74.33,80.55
12.206255,12.83,28.28,74.33,80.55
12.216797,13.88,28.13,74.55,80.88
12.224803,15.15,27.98,74.33,80.85
12.236547,16.8,28.13,74.62,81.5
12.244256,18.23,28.28,74.25,81.51
12.254408,19.88,28.13,74.03,81.64
12.263434,21.75,28.28,73.95,82.1
12.273657,23.7,27.83,73.12,81.75
12.283668,25.58,27.98,72.53,81.83
12.295757,27.6,28.05,71.85,81.92
12.3023,29.48,28.05,71.25,82.05
12.313296,31.28,27.98,70.05,81.66
12.322022,32.93,27.68,69.08,81.37
12.335334,34.8,27.15,67.43,80.59
12.342178,36.68,26.55,65.93,79.98
12.350595,38.1,26.18,64.35,79.23
12.361169,39.38,25.58,62.48,78.15
12.373139,40.65,24.75,60.45,76.94
12.379238,41.93,24.15,58.58,75.97
12.389524,43.2,23.48,56.63,74.99
12.398746,44.03,22.95,54.75,73.91
12.409801,44.7,22.58,53.18,73.04
12.418373,45,22.28,51.45,71.89
12.429468,45.6,21.83,50.33,71.33
12.438135,46.2,21.68,49.35,70.99
12.449309,46.5,21.45,48.38,70.44
12.456987,46.73,21.45,47.55,70.03
12.467981,46.58,21.15,46.95,69.43
12.477388,46.88,20.85,46.58,69.29
12.489889,46.88,20.85,46.12,68.99
12.495321,46.88,20.85,46.12,68.99
12.513983,46.88,20.85,46.12,68.99
12.514568,46.8,21.08,46.43,69.21
12.524883,46.58,21.08,46.65,69.21
12.534508,46.43,21.15,47.03,69.38
12.544214,46.28,21.45,47.48,69.68
12.554018,46.12,21.45,47.93,69.89
12.563668,45.9,22.05,49.05,70.7
12.57282,45.45,22.28,50.18,71.27
12.582758,45.23,22.58,51.15,71.91
12.592834,44.93,22.88,52.28,72.62
12.604765,44.48,23.33,53.85,73.63
12.612317,43.88,23.93,55.35,74.57
12.625549,43.12,24.38,57.15,75.63
12.645029,42.45,25.13,58.95,76.87
12.646416,41.62,25.35,60.53,77.71
12.65235,40.73,25.95,62.25,78.78
12.660014,39.45,26.55,63.83,79.59
12.669628,37.88,27.15,65.48,80.37
12.679382,36.53,27.45,66.75,80.89
12.688998,34.95,27.68,68.03,81.33
12.69918,33.3,27.98,69.15,81.69
12.708547,31.5,28.13,70.43,82.12
12.719102,29.63,28.65,71.33,82.38
12.727987,27.83,28.65,72.23,82.53
12.73807,25.88,28.73,73.12,82.72
12.747119,24.23,28.88,73.65,82.73
12.758228,22.12,28.95,74.33,82.78
12.774442,20.4,28.88,74.85,82.78
12.776666,18.75,28.65,75.08,82.51
12.79319,17.1,28.58,74.85,81.92
12.795918,17.1,28.58,74.85,81.92
12.804581,15.38,28.13,74.93,81.49
12.815568,13.73,28.05,74.85,81.1
12.824294,12.53,27.83,74.62,80.62
12.835317,11.48,27.68,74.55,80.34
12.843825,10.65,27.45,74.18,79.81
12.85404,9.83,27.53,73.73,79.31
12.863131,9.15,27.53,73.88,79.37
12.873619,8.78,27.53,73.73,79.18
12.882785,8.7,27.45,73.65,79.08
12.893033,8.85,27.68,73.73,79.24
12.904089,9.23,27.68,73.88,79.43
12.912654,9.68,27.68,73.95,79.55
12.921416,10.2,27.68,74.25,79.89
12.931745,11.1,27.53,74.55,80.24
12.94062,12.15,27.75,74.85,80.75
12.950667,13.13,27.68,74.93,80.94
12.961113,14.18,27.83,75.45,81.66
12.970599,15.45,27.75,75.53,81.93
12.97919,16.88,27.68,75.68,82.32
12.990197,18.23,27.68,75.45,82.41
12.998724,19.95,27.75,75.38,82.76
13.008979,21.45,27.83,74.93,82.75
13.019211,22.88,27.68,74.25,82.48
13.028337,24.98,27.83,73.65,82.6
13.04133,27,27.75,72.75,82.41
13.048153,28.8,27.75,71.55,81.97
13.057238,30.6,27.68,70.35,81.56
13.066551,32.55,27.45,69.15,81.21
13.075761,34.2,27.15,67.65,80.52
13.086316,34.2,27.15,67.65,80.52
13.094961,36,26.63,66.15,79.88
13.105702,37.88,26.18,64.65,79.37
13.11458,39.08,25.43,62.93,78.31
13.124788,40.28,25.05,61.28,77.49
13.135308,41.62,24.45,59.55,76.66
13.145017,42.75,24.38,57.98,76.04
13.153454,43.58,23.78,56.25,75.02
13.16392,44.48,23.18,54.68,74.19
13.173917,45.23,22.95,53.33,73.59
13.189895,45.68,22.73,51.98,72.83
13.19269,46.2,22.35,51.08,72.41
13.210307,46.43,22.05,49.95,71.67
13.211996,46.8,21.75,49.05,71.2
13.222432,46.8,21.23,48.15,70.42
13.230479,46.95,21.15,47.33,69.94
13.240568,47.03,21.23,46.88,69.71
13.250416,47.03,20.85,46.35,69.24
13.260156,46.95,20.62,46.05,68.92
13.269617,46.8,20.78,45.75,68.67
13.279695,46.95,20.62,45.75,68.72
13.289028,46.8,20.85,46.12,68.94
13.300915,46.73,21.23,46.88,69.51
13.308529,46.58,21.53,47.85,70.16
13.325036,46.2,21.45,48.75,70.51
13.329575,45.75,21.83,49.65,70.95
13.342989,45.3,22.43,51.23,71.97
13.352518,44.93,22.95,52.73,72.97
13.357133,44.18,23.48,54.45,73.94
13.367794,43.2,24.08,56.03,74.73
13.376423,42.23,24.45,57.83,75.66
13.385802,42.23,24.45,57.83,75.66
13.395385,41.03,24.83,59.55,76.46
13.404854,39.68,25.65,61.43,77.49
13.41641,38.33,26.25,63.45,78.64
13.424721,36.98,26.78,64.95,79.39
13.436451,35.33,27.15,66.45,80
13.443682,33.83,27.53,67.95,80.74
13.456432,32.25,27.98,69.45,81.52
13.46963,30.53,28.28,70.73,82.06
13.473319,28.95,28.43,71.62,82.32
13.482838,27.3,28.35,72.68,82.65
13.492363,25.43,28.35,73.35,82.65
13.502117,23.7,28.35,73.88,82.6
13.512257,22.05,28.58,74.25,82.56
13.522969,20.25,28.65,74.55,82.39
13.53292,18.53,28.35,74.55,81.88
13.540764,16.88,28.05,74.25,81.15
13.554442,15.53,27.83,74.33,80.87
13.559771,14.33,27.98,74.03,80.42
13.574477,13.28,27.98,73.73,79.96
13.578722,12.08,27.83,73.58,79.58
13.588834,11.1,27.68,73.65,79.46
13.598432,10.28,27.38,73.65,79.24
13.60838,9.75,27.23,73.35,78.84
13.617548,9.3,27.15,73.35,78.76
13.627699,8.78,27.23,73.35,78.73
13.637448,8.62,27.15,73.35,78.69
13.652876,8.62,27.08,73.35,78.66
13.657054,8.85,27.08,73.65,78.97
13.670466,9.15,27.15,73.65,79.03
13.675463,9.75,27.75,73.88,79.52
13.686137,9.75,27.75,73.88,79.52
13.694581,10.5,28.05,74.18,79.99
13.705097,11.48,28.13,74.25,80.22
13.715688,12.38,28.28,74.33,80.48
13.724364,13.2,28.28,74.55,80.82
13.734017,14.63,28.43,74.85,81.39
13.744764,16.28,28.65,74.85,81.78
13.753069,18.08,28.58,74.55,81.86
13.770414,19.73,28.28,74.25,81.86
13.776514,21.45,28.28,73.88,81.96
13.792955,23.33,28.05,73.58,82.12
13.7938,25.28,28.13,73.05,82.26
13.802517,27.3,28.35,72.23,82.25
13.811194,29.03,28.05,71.48,82.08
13.821319,30.45,27.68,70.65,81.76
13.830043,31.88,27.45,69.68,81.39
13.840439,33.38,27.23,68.48,80.89
13.849872,35.03,26.85,67.28,80.46
13.859776,36.6,26.55,65.78,79.82
13.869248,38.03,25.95,64.28,79.06
13.881443,39.53,25.35,62.55,78.21
13.888736,41.03,24.98,60.23,77.03
13.903707,42.53,24.53,58.35,76.25
13.90797,43.73,24.15,56.25,75.23
13.921623,44.7,23.48,54.38,74.2
13.927735,45.38,22.88,52.73,73.23
13.937093,45.68,22.35,51.15,72.13
13.946959,46.12,21.98,49.65,71.24
13.957213,46.5,21.53,48.75,70.73
13.965898,46.43,21.15,48.08,70.1
13.976737,46.43,21.15,48.08,70.1
13.985764,46.43,20.93,47.25,69.47
13.997023,46.35,20.62,46.73,68.97
14.004144,46.73,20.55,46.43,69
14.015067,46.58,20.48,46.12,68.67
14.024064,46.8,20.48,46.05,68.78
14.036091,46.73,20.62,46.28,68.92
14.04415,46.8,20.93,46.58,69.26
14.053773,46.58,21.15,47.03,69.48
14.064773,46.2,21.15,47.93,69.85
14.073715,45.98,21.45,48.98,70.51
14.082275,45.53,21.75,49.73,70.84
14.096422,45.53,22.05,51.23,71.99
14.101928,45,22.58,52.65,72.85
14.113348,44.55,23.03,54.15,73.8
14.120805,43.5,23.48,55.35,74.21
14.13143,42.83,23.85,56.85,75.06
14.140432,42.23,24.45,58.35,76.06
14.150389,41.18,24.75,59.93,76.8
14.159475,40.2,25.35,61.65,77.84
14.169563,39,26.18,62.85,78.46
14.185506,37.5,26.33,64.35,78.99
14.188967,36.08,26.55,65.55,79.39
14.20475,34.5,26.93,67.12,80.13
14.20836,32.78,27.38,68.55,80.76
14.217535,30.9,27.45,69.53,80.88
14.22887,29.1,27.83,70.58,81.25
14.236692,27.08,28.05,71.55,81.48
14.247024,25.05,28.05,72.53,81.7
14.256391,23.33,28.35,73.35,82.02
14.266481,21.38,28.35,73.95,82.03
14.276096,21.38,28.35,73.95,82.03
14.285951,19.95,28.35,74.18,81.88
14.30169,18.38,28.35,74.25,81.57
14.307764,16.88,28.35,74.55,81.52
14.321584,15.53,28.28,74.62,81.3
14.324462,14.1,28.13,74.55,80.92
14.333588,12.68,28.05,74.25,80.38
14.344549,11.62,27.75,73.95,79.84
14.353023,10.88,27.75,73.88,79.66
14.363422,9.83,27.45,73.88,79.42
14.372653,9.38,27.45,73.88,79.37
14.384041,9,27.53,73.73,79.21
14.392997,8.7,27.68,73.65,79.16
14.404342,8.7,27.45,73.73,79.15
14.413537,8.85,27.53,73.95,79.4
14.421816,9.3,27.45,74.03,79.5
14.436065,9.6,27.68,73.95,79.54
14.450597,10.5,28.05,73.95,79.79
14.451392,11.03,28.05,74.25,80.13
14.460685,12.08,27.83,74.55,80.48
14.468558,13.28,27.83,74.55,80.67
14.478809,14.55,28.05,74.48,80.9
14.487923,15.98,28.05,74.55,81.24
14.498462,17.25,28.05,74.48,81.43
14.507197,18.9,27.98,74.48,81.77
14.517873,20.62,27.75,74.33,81.97
14.528519,22.58,27.98,73.58,81.89
14.53766,24.23,28.05,73.05,81.91
14.546459,26.18,28.05,72.45,81.98
14.556947,28.13,27.68,71.55,81.71
14.567806,30.08,27.38,70.28,81.19
14.589401,30.08,27.38,70.28,81.19
14.590376,32.03,27.15,69.38,81.09
14.604873,33.68,26.78,68.25,80.68
14.605615,35.03,26.18,66.75,79.8
14.614838,36.68,25.65,65.62,79.43
14.623581,38.1,25.05,63.83,78.44
14.633944,39.45,24.45,62.33,77.71
14.643229,40.65,24.08,60.98,77.14
14.653454,41.62,23.85,59.55,76.47
14.662313,42.53,23.25,57.53,75.22
14.672765,43.58,22.95,55.73,74.37
14.68271,44.33,22.58,53.93,73.36
14.702624,44.93,22.28,52.35,72.49
14.703907,45.53,21.75,51.08,71.79
14.711743,45.83,21.68,49.88,71.11
14.720028,46.05,21.45,48.75,70.41
14.730547,46.28,21.15,47.62,69.69
14.739783,46.28,20.85,46.95,69.14
14.750132,46.35,20.62,46.35,68.72
14.762414,46.5,20.62,46.35,68.82
14.769573,46.43,20.48,46.28,68.67
14.778992,46.5,20.55,46.12,68.64
14.788993,46.43,20.48,46.28,68.67
14.800253,46.28,20.55,46.35,68.64
14.808127,46.28,20.62,46.88,69.02
14.817128,46.28,21.08,47.33,69.46
14.827583,45.98,21.45,48.23,70
14.836388,45.68,21.83,49.28,70.64
14.846945,45.23,22.35,50.25,71.2
14.855874,44.62,22.88,51.45,71.85
14.866217,44.62,22.88,51.45,71.85
14.876521,44.25,23.48,52.73,72.73
14.885811,43.58,23.85,54.45,73.7
14.895661,42.98,24.45,55.95,74.67
14.904782,42.08,25.05,57.83,75.77
14.914688,41.03,25.43,59.78,76.83
14.932486,39.83,25.88,61.13,77.41
14.933357,38.7,26.33,62.93,78.42
14.950371,37.43,26.63,64.88,79.49
14.952563,35.7,26.85,66.45,80.07
14.962809,34.05,27.23,68.03,80.8
14.972377,32.1,27.38,69.45,81.26
14.982747,30.3,27.68,70.73,81.77
14.99211,28.35,27.83,71.62,81.9
15.001859,26.48,27.98,72.75,82.32
15.011395,24.38,27.83,73.35,82.15
15.02094,22.35,28.05,73.65,81.92
15.030332,20.62,28.05,73.95,81.74
15.040539,18.98,28.13,73.95,81.36
15.049583,17.33,28.28,74.33,81.39
15.064476,15.83,28.13,74.55,81.24
15.069237,14.33,28.05,74.55,80.93
15.088427,13.2,28.13,74.25,80.49
15.08936,12.08,28.05,74.33,80.35
15.098126,11.18,27.83,74.25,80.08
15.10905,10.12,27.98,74.18,79.92
15.117517,9.23,27.83,74.03,79.62
15.128745,8.55,27.75,73.88,79.38
15.138051,8.33,27.53,73.35,78.79
15.154104,8.4,27.53,73.05,78.51
15.156178,8.4,27.75,73.35,78.87
15.165522,8.4,27.75,73.35,78.87
15.182008,8.62,27.75,73.12,78.69
15.184797,8.93,27.83,73.35,78.96
15.194787,9.53,27.75,73.58,79.21
15.204442,10.28,27.83,73.65,79.4
15.216844,11.18,28.05,73.65,79.6
15.223886,11.93,28.05,74.03,80.05
15.234,12.98,28.05,74.33,80.49
15.242842,14.25,28.13,74.25,80.67
15.253441,15.68,28.35,74.33,81.08
15.262826,17.03,28.13,74.33,81.27
15.272764,18.6,28.35,74.33,81.69
15.282278,20.33,28.28,74.25,82.01
15.297875,22.2,28.28,73.95,82.22
15.303218,24,28.35,73.58,82.42
15.314685,25.73,28.05,72.75,82.1
15.319853,27.53,27.68,72.08,81.97
15.330285,29.4,27.45,71.18,81.75
15.339387,31.35,27.23,70.05,81.43
15.349455,33.23,26.93,68.55,80.8
15.358804,34.88,26.55,67.12,80.17
15.368949,36.3,26.03,65.85,79.57
15.378466,37.8,25.43,64.05,78.6
15.388753,39.3,24.98,62.33,77.8
15.397927,40.35,24.53,60.38,76.65
15.410653,41.48,24.15,58.35,75.55
15.417019,42.38,23.78,56.55,74.56
15.430797,43.2,22.95,54.83,73.48
15.436627,43.88,22.58,53.03,72.43
15.450744,44.7,22.05,51.38,71.58
15.455689,45.08,21.68,49.95,70.69
15.465826,45.08,21.68,49.95,70.69
15.474956,45.45,21.23,48.98,70.11
15.485276,45.98,21.08,48.15,69.83
15.494768,46.35,20.85,47.55,69.6
15.507337,46.65,20.62,46.73,69.17
15.514107,46.65,20.78,46.43,69.02
15.524973,46.95,20.78,46.35,69.17
15.535436,46.95,20.62,46.28,69.07
15.54438,47.1,20.93,46.35,69.32
15.552121,46.95,21.15,46.65,69.48
15.564006,46.73,21.15,46.95,69.53
15.573765,46.43,21.15,47.48,69.69
15.582293,45.9,21.38,48.15,69.87
15.592415,45.68,21.75,48.75,70.26
15.601224,45.38,21.98,49.65,70.76
15.61111,44.85,22.35,51.15,71.61
15.620216,44.4,22.73,52.35,72.31
15.629573,43.8,23.33,53.55,73.01
15.641103,43.2,23.93,55.13,74.01
15.649073,42.45,24.45,56.93,75.1
15.659338,41.78,25.13,58.65,76.26
15.668724,41.03,25.88,60.75,77.74
15.678694,39.83,26.55,62.85,79
15.688318,38.62,27.15,64.12,79.63
15.69856,37.12,27.45,65.85,80.42
15.713244,35.78,27.75,67.28,81.09
15.71744,34.05,28.05,68.62,81.58
15.731817,32.55,28.35,69.75,82.03
15.736736,30.98,28.58,70.88,82.46
15.748124,28.95,28.35,71.85,82.49
15.756314,28.95,28.35,71.85,82.49
15.764849,27,28.28,72.68,82.52
15.77579,25.35,28.28,73.35,82.6
15.784682,23.7,28.35,73.73,82.47
15.795064,21.75,28.35,74.25,82.4
15.804069,20.03,28.65,74.33,82.13
15.814691,18.08,28.65,74.33,81.68
15.823447,16.43,28.43,74.55,81.46
15.833532,14.85,28.43,74.25,80.88
15.843397,13.65,28.43,73.95,80.39
15.862716,12.23,28.43,74.03,80.23
15.863671,11.03,28.43,73.95,79.99
15.882967,10.28,28.35,73.65,79.58
15.884037,9.75,28.28,73.65,79.49
15.891805,9.38,28.05,73.65,79.37
15.900555,8.85,27.98,73.58,79.21
15.910631,8.93,28.05,73.65,79.31
15.919906,8.78,28.13,73.73,79.39
15.930385,9,28.05,73.65,79.32
15.939487,9.45,27.98,73.65,79.35
15.949558,10.12,27.98,74.18,79.92
15.960496,11.1,28.05,74.48,80.35
15.968822,11.93,28.05,74.85,80.82
15.97868,12.98,28.28,74.78,80.99
15.993895,14.18,28.05,74.93,81.25
15.997293,15.75,28.05,74.85,81.47
16.010402,17.25,28.35,74.85,81.88
16.016348,18.83,28.43,74.85,82.25
16.026704,20.48,28.43,74.55,82.37
16.035713,22.05,28.35,73.95,82.21
16.046071,23.78,28.28,73.28,82.06
16.055885,23.78,28.28,73.28,82.06
16.065421,25.8,28.05,72.45,81.86
16.075765,27.6,27.83,71.78,81.78
16.085414,29.03,27.53,70.88,81.38
16.094712,30.83,27.15,69.75,80.95
16.106131,32.48,26.93,68.25,80.23
16.113673,34.2,26.63,67.05,79.84
16.123899,35.62,26.25,65.85,79.34
16.13329,37.12,25.95,64.35,78.69
16.144317,38.62,25.58,63.08,78.26
16.152934,39.75,25.05,61.35,77.27
16.163355,41.1,24.75,59.85,76.71
16.174051,42,24.15,58.28,75.78
16.181862,42.98,23.55,56.85,75.06
16.191166,43.43,22.95,55.05,73.78
16.200997,44.1,22.58,53.85,73.17
16.210443,44.78,22.35,52.35,72.42
16.221816,45.15,22.05,51.15,71.7
16.229668,45.38,21.68,50.18,71.04
16.240021,45.83,21.23,48.83,70.24
16.248807,46.2,20.93,47.93,69.78
16.262087,46.5,20.78,47.33,69.52
16.268577,46.65,20.78,46.95,69.37
16.278734,46.8,20.62,46.43,69.07
16.288186,47.03,20.55,46.35,69.15
16.297396,47.03,20.48,46.28,69.08
16.307095,47.18,20.85,46.35,69.34
16.31784,46.95,20.93,46.73,69.46
16.326565,46.65,21.38,47.48,69.91
16.337154,46.35,21.75,48.15,70.28
16.345477,46.28,22.28,48.98,70.97
16.356206,46.28,22.28,48.98,70.97
16.365033,45.75,22.58,49.95,71.4
16.374993,45,22.95,51.45,72.1
16.383873,44.55,23.33,52.58,72.75
16.395037,43.95,23.62,54.08,73.58
16.406637,43.5,24.15,55.65,74.65
16.413623,42.9,24.45,57.15,75.53
16.423436,41.93,24.98,58.95,76.53
16.432897,40.73,25.35,60.45,77.17
16.442251,39.6,25.73,62.25,78.13
16.453754,38.4,26.25,63.98,79.1
16.462015,36.75,26.85,65.85,80.05
16.473049,35.18,27.45,67.43,80.85
16.481655,33.15,27.83,69.08,81.51
16.493818,31.28,28.35,70.35,82.04
16.500574,29.33,28.58,71.55,82.44
16.510556,27.6,28.95,72.98,83.22
16.526814,25.65,29.03,73.88,83.41
16.529852,23.78,29.03,74.48,83.39
16.555425,21.98,28.95,74.78,83.14
16.556512,19.95,28.65,74.85,82.59
16.558018,18.23,28.58,75.15,82.44
16.570023,16.65,28.43,75.38,82.26
16.57759,15.15,28.28,75.15,81.71
16.587905,13.65,27.83,74.93,81.08
16.596955,12.53,27.98,74.62,80.67
16.608416,11.33,27.98,74.25,80.15
16.616559,10.35,27.98,74.18,79.95
16.626721,9.83,27.98,73.88,79.6
16.637098,9.38,27.83,73.65,79.29
16.64587,9.38,27.83,73.65,79.29
16.655165,9.08,27.83,73.65,79.25
16.665263,8.85,28.05,73.58,79.24
16.676825,8.93,28.13,73.35,79.06
16.689589,9.08,27.75,73.12,78.74
16.693786,9.53,27.75,73.35,79
16.704146,9.9,27.75,73.58,79.25
16.713151,10.58,27.75,73.73,79.48
16.723435,11.33,27.75,73.65,79.52
16.732867,12.08,27.75,73.43,79.42
16.743989,13.05,27.53,73.58,79.63
16.753126,14.18,27.53,73.65,79.89
16.762673,15.38,28.05,73.95,80.57
16.772147,16.88,28.05,74.18,81.08
16.782388,18.45,28.28,74.25,81.57
16.790925,20.03,28.35,74.03,81.76
16.801487,21.75,28.35,73.95,82.13
16.810268,23.4,28.13,73.65,82.24
16.821278,25.13,28.13,73.12,82.28
16.829362,26.85,28.05,72.45,82.2
16.840314,28.95,27.98,71.62,82.16
16.848946,30.53,27.53,70.58,81.67
16.859916,32.25,27.15,69.15,80.99
16.869681,33.83,26.78,67.95,80.49
16.879665,35.25,26.18,66.45,79.64
16.887692,36.83,25.73,64.73,78.79
16.898676,38.48,25.13,63.08,78.04
16.907678,39.75,24.75,61.43,77.24
16.923918,40.65,24.15,59.78,76.21
16.926113,41.7,23.85,58.05,75.35
16.93651,42.83,23.48,56.48,74.66
16.946968,42.83,23.48,56.48,74.66
16.956266,43.73,22.95,54.83,73.79
16.9649,44.55,22.65,53.55,73.25
16.976724,45.3,22.35,52.28,72.69
16.984848,45.83,22.12,51.38,72.31
16.995551,46.2,21.83,49.95,71.45
17.003687,46.35,21.45,48.83,70.66
17.014953,46.8,21.15,47.85,70.19
17.02324,46.8,20.85,47.18,69.65
17.034883,46.8,20.85,46.35,69.09
17.043355,46.88,20.85,46.35,69.14
17.054871,46.73,20.78,46.05,68.81
17.062755,46.5,20.62,45.68,68.37
17.072233,46.58,20.78,46.05,68.71
17.080939,46.73,21.15,46.58,69.28
17.091674,46.35,21.45,47.25,69.58
17.100627,46.12,21.83,48.15,70.16
17.110111,45.98,22.28,49.58,71.19
17.119756,45.68,22.73,50.33,71.66
17.129467,45.3,23.25,51.98,72.76
17.139105,44.85,23.62,53.25,73.52
17.149303,44.18,24.15,54.75,74.38
17.158351,43.43,24.45,56.48,75.32
17.168617,42.45,24.75,58.05,76.06
17.177701,41.48,25.13,59.33,76.62
17.18827,40.2,25.65,60.83,77.29
17.197109,38.85,25.95,62.55,78.07
17.207652,37.5,26.25,64.05,78.73
17.217699,36.15,26.93,65.85,79.8
17.226961,34.65,27.38,67.35,80.54
17.236538,32.78,27.68,68.78,81.06
17.245816,32.78,27.68,68.78,81.06
17.255174,30.98,27.98,70.05,81.54
17.265695,29.18,28.05,71.18,81.88
17.274741,27.53,28.13,71.93,81.99
17.291092,25.88,28.35,72.75,82.25
17.294912,24.08,28.58,73.43,82.39
17.310311,22.2,28.73,73.65,82.11
17.312839,20.48,28.88,74.03,82.05
17.323298,18.9,28.95,74.03,81.7
17.333666,17.62,28.88,74.25,81.59
17.343277,16.35,28.95,74.48,81.56
17.352392,15,28.73,74.55,81.29
17.362472,13.65,28.65,74.33,80.82
17.371808,12.68,28.58,74.25,80.56
17.383912,11.62,28.13,74.25,80.24
17.390565,10.65,28.05,74.03,79.87
17.400613,9.98,27.83,73.95,79.64
17.409786,9.38,28.05,73.65,79.37
17.420676,8.85,27.75,73.43,78.99
17.42944,8.7,27.75,73.35,78.9
17.439945,8.7,27.68,73.28,78.81
17.455785,8.62,27.75,73.05,78.62
17.458269,9.15,27.53,73.28,78.81
17.467917,9.75,27.38,73.12,78.69
17.477921,10.65,27.38,73.65,79.29
17.487075,11.7,27.15,73.73,79.43
17.497279,12.83,27.38,73.95,79.89
17.506605,14.18,27.53,74.25,80.45
17.523074,15.9,27.75,74.62,81.19
17.526008,17.7,27.83,74.62,81.59
17.543618,17.7,27.83,74.62,81.59
17.545151,19.58,28.05,74.48,81.95
17.555427,21.38,28.35,74.25,82.3
17.564849,23.18,28.35,73.88,82.45
17.57506,25.05,28.13,73.35,82.45
17.584905,26.93,28.13,72.75,82.51
17.593935,28.73,27.98,71.78,82.22
17.603795,30.38,27.68,70.65,81.73
17.616859,31.95,27.15,69.53,81.19
17.62249,33.45,26.85,68.55,80.86
17.633225,35.25,26.55,67.05,80.27
17.641965,36.68,26.18,65.25,79.3
17.652869,38.03,25.95,63.75,78.63
17.661767,39.45,25.35,61.95,77.7
17.671907,40.65,24.68,60.38,76.85
17.687462,41.62,24.15,58.65,75.87
17.690332,42.6,23.62,57.15,75.09
17.699926,43.28,23.25,55.35,74.01
17.710009,43.88,22.88,53.78,73.08
17.719003,44.48,22.43,52.43,72.31
17.729574,45.08,22.05,51.15,71.65
17.739052,45.38,21.68,49.95,70.88
17.749783,45.75,21.53,49.05,70.44
17.758168,45.9,21.23,48.15,69.83
17.768824,45.98,21.15,47.18,69.18
17.777365,46.43,20.93,46.65,69.06
17.789116,46.65,20.85,46.28,68.94
17.796948,46.8,20.78,46.05,68.87
17.808282,46.65,20.62,46.05,68.72
17.81659,46.5,20.85,46.35,68.89
17.82613,46.28,20.85,46.58,68.89
17.835448,46.28,20.85,46.58,68.89
17.845701,46.28,21.15,46.95,69.23
17.855163,46.2,21.38,47.62,69.71
17.865981,45.75,21.53,48.75,70.23
17.87445,45.3,21.83,49.88,70.82
17.88468,44.85,22.28,50.93,71.42
17.89352,44.4,22.65,52.13,72.12
17.903939,44.25,23.25,53.33,73.09
17.912776,43.8,23.85,54.75,74.06
17.923829,43.05,24.15,56.48,75.01
17.939714,42.38,24.75,58.58,76.41
17.943154,41.55,25.35,59.93,77.2
17.951837,40.28,25.95,61.95,78.32
17.961876,39.15,26.55,63.83,79.44
17.971651,37.95,27.08,65.25,80.19
17.981721,36.23,27.68,67.05,81.08
17.990048,34.35,27.98,68.48,81.56
18.000722,32.7,28.35,69.53,81.89
18.009573,30.6,28.43,70.35,81.81
18.019789,28.5,28.65,71.62,82.24
18.029107,26.78,28.65,72.38,82.32
18.039348,24.83,28.65,73.05,82.3
18.054166,22.8,28.73,73.88,82.48
18.058483,21,28.65,74.55,82.58
18.072469,19.12,28.43,75.15,82.59
18.077497,17.33,28.28,75.45,82.42
18.087282,15.9,28.28,75.45,82.13
18.097035,14.33,28.05,75.38,81.69
18.106021,13.05,27.83,74.85,80.91
18.117898,11.93,27.75,74.55,80.44
18.125576,10.73,27.68,74.25,79.96
18.137392,10.73,27.68,74.25,79.96
18.145194,9.68,27.45,73.65,79.19
18.155495,9.08,27.45,73.65,79.12
18.165058,8.62,27.53,73.35,78.82
18.174741,8.4,27.45,73.12,78.56
18.188144,8.55,27.75,73.12,78.68
18.194241,8.62,28.05,73.35,79
18.206709,8.55,28.05,73.58,79.2
18.21402,8.85,28.05,73.58,79.24
18.222293,9.53,28.28,73.95,79.74
18.233021,10.43,28.35,73.65,79.6
18.242022,11.25,28.35,73.95,79.99
18.25572,12,28.65,74.25,80.49
18.261598,13.05,28.65,74.55,80.92
18.271686,14.18,28.58,74.48,81.02
18.2811,15.68,28.65,74.55,81.39
18.291051,17.33,28.65,74.55,81.72
18.302828,18.9,28.43,74.55,81.99
18.309797,20.4,28.43,74.55,82.35
18.321923,22.28,28.58,74.25,82.62
18.329821,24.3,28.35,73.73,82.64
18.338095,26.18,28.28,72.75,82.32
18.348912,28.2,28.05,72.08,82.32
18.357783,30.08,27.75,71.03,81.97
18.368608,31.88,27.45,69.83,81.52
18.377294,33.6,27.15,68.25,80.77
18.387918,35.48,26.85,66.53,80.03
18.397587,36.98,26.48,64.73,79.1
18.406998,38.25,25.88,63.15,78.23
18.416355,39.6,25.43,61.43,77.38
18.425995,39.6,25.43,61.43,77.38
18.437619,40.58,25.05,59.85,76.52
18.457051,41.62,24.45,58.28,75.67
18.458054,42.53,24.08,56.55,74.74
18.465284,43.2,23.62,54.98,73.8
18.47339,43.8,23.25,53.63,73.04
18.484266,44.33,22.73,52.65,72.48
18.493094,44.93,22.43,51.38,71.84
18.503135,45.15,21.98,50.25,71.04
18.514476,45.53,21.53,49.35,70.51
18.523505,45.83,21.45,48.15,69.85
18.53526,46.2,21.23,47.55,69.61
18.543227,46.43,21.15,47.03,69.38
18.553338,46.58,21.15,46.58,69.18
18.561595,46.73,20.93,46.28,69.01
18.570766,46.65,21.08,46.05,68.85
18.580675,46.8,21.15,46.12,69.03
18.589916,46.73,21.45,46.58,69.37
18.60016,46.58,21.68,46.95,69.59
18.6092,46.28,22.05,47.85,70.12
18.619824,46.05,22.12,49.05,70.82
18.630252,45.53,22.12,49.95,71.11
18.639845,45.08,22.65,51.08,71.79
18.648609,44.48,22.95,52.73,72.7
18.657895,43.88,23.33,54.38,73.66
18.667438,43.28,23.85,55.95,74.65
18.681438,42.53,24.15,57.75,75.67
18.686337,41.48,24.45,59.33,76.4
18.699756,40.58,25.05,60.75,77.23
18.705616,39.45,25.58,62.85,78.49
18.717208,38.18,26.03,64.73,79.52
18.725062,38.18,26.03,64.73,79.52
18.735331,36.83,26.48,65.85,79.96
18.744805,35.55,27.08,67.35,80.83
18.75492,33.83,27.15,68.85,81.37
18.763873,32.1,27.53,70.12,81.89
18.774199,30.6,27.83,71.25,82.38
18.784289,28.65,28.05,72.45,82.8
18.794829,27.23,28.65,73.12,83.12
18.802842,25.35,28.58,73.73,83.03
18.813634,23.48,28.58,74.55,83.22
18.822587,21.3,28.43,74.78,82.78
18.833666,19.5,28.58,74.85,82.46
18.84229,17.62,28.43,74.62,81.78
18.852227,15.98,28.58,74.78,81.63
18.861348,14.7,28.43,74.55,81.13
18.871177,13.05,27.98,74.18,80.34
18.880143,11.78,27.83,73.88,79.81
18.889936,11.1,28.05,73.73,79.66
18.899688,10.35,27.98,73.65,79.46
18.917491,9.68,27.98,73.65,79.38
18.918926,9.45,27.83,73.58,79.23
18.936209,9.15,27.75,73.58,79.16
18.938378,9,27.75,73.65,79.22
18.948761,9.08,28.05,73.65,79.33
18.957894,9.23,27.98,73.95,79.6
18.967921,9.53,27.75,73.95,79.56
18.977395,10.12,27.75,74.03,79.7
18.986947,10.8,27.68,74.25,79.97
18.996165,11.62,27.75,74.55,80.39
19.006368,12.83,27.75,74.55,80.57
19.015898,14.03,27.98,74.48,80.78
19.026658,14.03,27.98,74.48,80.78
19.034645,15.45,27.75,74.78,81.24
19.045079,17.03,28.05,74.55,81.45
19.055348,18.6,28.13,74.55,81.82
19.06511,20.48,28.13,74.25,82
19.073499,22.5,28.35,73.65,82.06
19.084064,24.45,28.35,73.12,82.15
19.094418,26.18,28.05,72.53,82.05
19.102975,27.98,27.68,71.85,81.92
19.113368,29.7,27.68,70.65,81.48
19.122671,31.5,27.45,69.53,81.11
19.133749,33.15,27.15,68.48,80.78
19.144638,34.58,26.85,67.35,80.33
19.151397,36,26.33,66.15,79.78
19.168757,37.43,25.95,64.65,79.08
19.170376,38.62,25.73,63.15,78.37
19.18847,39.9,25.43,61.65,77.71
19.189689,41.03,24.83,60.08,76.87
19.19975,42.3,24.45,58.43,76.16
19.210163,43.35,23.85,56.55,75.14
19.219303,43.95,23.33,54.98,74.15
19.22858,44.78,22.95,53.25,73.26
19.238491,45.23,22.28,51.75,72.25
19.248326,45.75,21.75,50.33,71.41
19.260826,46.05,21.45,49.05,70.62
19.267771,46.35,21.15,48.23,70.15
19.278931,46.28,20.78,47.55,69.53
19.286402,46.28,20.55,46.95,69.05
19.300009,46.5,20.25,46.43,68.76
19.306069,46.28,20.03,46.12,68.34
19.317833,46.28,20.03,46.12,68.34
19.325779,46.28,20.03,46.05,68.29
19.335116,46.05,20.18,46.05,68.18
19.344701,45.9,20.25,46.35,68.3
19.354443,45.9,20.25,46.43,68.35
19.36412,45.9,20.55,46.88,68.75
19.376296,45.6,20.85,47.78,69.26
19.383196,45.53,21.23,48.53,69.84
19.394813,45.15,21.53,49.58,70.42
19.402504,44.85,22.05,51.15,71.51
19.413356,44.62,22.58,52.58,72.56
19.422606,44.18,22.73,53.93,73.32
19.432528,43.58,23.25,55.35,74.18
19.452634,42.83,23.85,56.93,75.12
19.453549,42,24.45,58.65,76.17
19.462699,41.1,24.83,60.45,77.2
19.470722,40.35,25.65,62.18,78.43
19.479936,39,25.95,63.45,78.87
19.489575,37.65,26.48,65.03,79.67
19.499392,36.23,27.15,66.45,80.41
19.512356,34.43,27.45,67.95,80.97
19.518813,32.33,27.53,69.38,81.34
19.531282,30.6,27.83,70.65,81.87
19.538517,28.35,28.05,71.48,81.85
19.553195,26.18,28.05,72.45,81.98
19.558649,24.3,28.35,73.28,82.24
19.567453,22.28,28.35,73.58,81.93
19.576956,20.25,28.35,73.95,81.75
19.586465,18.45,28.43,74.25,81.62
19.596516,16.88,28.43,74.18,81.21
19.60629,15.23,28.35,74.03,80.72
19.616132,15.23,28.35,74.03,80.72
19.626752,13.8,28.13,73.95,80.31
19.634694,12.6,28.13,73.95,80.11
19.645451,11.48,28.05,73.73,79.71
19.65417,10.58,28.05,73.95,79.79
19.664404,9.98,28.05,74.18,79.93
19.677451,9.53,27.83,73.73,79.37
19.684211,9.45,27.75,73.73,79.34
19.694661,9.23,27.75,73.58,79.17
19.702692,9.3,27.83,73.73,79.35
19.71232,9.23,27.83,73.65,79.27
19.722268,9.45,27.53,73.73,79.26
19.73204,9.9,27.53,73.65,79.25
19.742681,10.35,27.53,73.43,79.09
19.75102,10.95,27.68,73.65,79.44
19.761611,11.7,27.75,73.73,79.64
19.770152,12.83,27.75,73.65,79.74
19.780632,13.88,27.83,73.65,79.94
19.798064,15.38,27.83,73.88,80.42
19.800211,16.88,28.05,73.88,80.8
19.80906,18.68,27.98,73.65,80.97
19.81831,20.33,27.83,73.65,81.31
19.829904,21.98,27.75,73.58,81.65
19.841943,23.85,27.68,73.05,81.68
19.847981,25.65,27.75,72.75,81.98
19.857918,27.68,27.68,71.78,81.75
19.867097,29.48,27.68,70.95,81.66
19.876847,31.28,27.45,69.68,81.16
19.886183,32.93,27.45,68.55,80.85
19.896609,34.58,26.93,67.28,80.29
19.912786,36.15,26.85,65.55,79.53
19.916404,36.15,26.85,65.55,79.53
19.930725,37.65,26.55,64.12,78.96
19.935415,39,26.25,62.55,78.25
19.944227,39.98,25.65,61.28,77.53
19.954171,41.1,25.05,59.25,76.34
19.964068,41.93,24.53,58.05,75.69
19.974891,42.6,23.78,56.25,74.46
19.982876,43.43,23.55,54.98,73.91
19.993799,44.18,22.95,53.85,73.33
20.002891,44.62,22.43,52.35,72.35
20.015236,45,21.83,50.93,71.38
20.024079,45.6,21.68,49.65,70.81
20.032639,46.05,21.45,48.68,70.36
20.041339,46.5,21.15,47.78,69.94
20.051501,46.73,21.15,47.25,69.74
20.062573,46.88,21.08,46.35,69.21
20.070833,47.03,20.93,46.05,69.06
20.082937,46.95,21.08,46.05,69.06
20.093702,47.03,21.15,46.35,69.33
20.099055,47.03,21.45,46.88,69.78
20.108966,46.88,21.68,47.78,70.35
20.118169,46.65,21.98,48.38,70.71
20.128646,46.5,22.35,49.28,71.34
20.137647,46.2,22.43,50.55,72.06
20.148817,45.68,22.73,51.83,72.72
20.158087,45.3,23.03,52.95,73.39
20.167445,44.78,23.62,54.45,74.35
20.176907,44.1,23.85,55.73,74.96
20.186582,43.2,24.15,57.15,75.6
20.196559,42.45,24.45,58.65,76.42
20.213031,42.45,24.45,58.65,76.42
20.214957,41.4,25.05,60.38,77.37
20.225215,40.2,25.58,61.65,77.92
20.23401,39,26.03,63.08,78.59
20.244448,37.58,26.55,64.65,79.35
20.253889,36.15,26.85,66.08,79.96
20.264382,34.5,27.38,67.35,80.47
20.279648,32.93,27.75,68.85,81.21
20.283333,31.13,28.28,70.05,81.7
20.298733,29.4,28.58,71.03,82.01
20.303232,27.6,28.95,72.08,82.43
20.312197,25.88,29.03,72.75,82.49
20.32253,24.15,29.03,73.58,82.7
20.332989,22.35,29.03,73.95,82.53
20.342318,20.62,28.73,74.48,82.44
20.351036,18.9,28.88,74.48,82.08
20.361024,17.18,28.73,74.62,81.79
20.36995,15.6,28.35,74.62,81.34
20.380638,14.25,28.28,74.78,81.2
20.396066,12.98,28.05,74.85,80.98
20.401589,11.7,27.83,74.55,80.43
20.415314,10.65,27.75,74.48,80.19
20.418464,9.98,28.05,74.25,80
20.42829,9.3,27.98,74.18,79.82
20.440363,8.93,27.53,73.95,79.41
20.446766,8.48,27.68,73.88,79.34
20.45807,8.33,27.53,73.88,79.27
20.466874,8.33,27.53,73.58,79
20.477868,8.7,27.68,73.65,79.16
20.486095,9.08,27.68,73.65,79.2
20.496937,9.6,27.75,73.88,79.5
20.506029,9.6,27.75,73.88,79.5
20.515601,10.43,27.75,73.73,79.46
20.525143,11.18,27.98,73.95,79.85
20.534873,12.45,28.05,74.03,80.13
20.544205,13.88,28.05,73.95,80.3
20.561439,15.3,28.13,74.25,80.86
20.563685,17.1,28.35,74.18,81.23
20.573256,18.83,28.35,74.18,81.61
20.582847,20.7,28.35,73.88,81.79
20.593205,22.88,28.13,73.43,81.89
20.602217,24.98,28.05,72.83,81.94
20.612902,26.85,27.98,72.15,81.91
20.624323,28.65,27.45,71.55,81.82
20.631982,30.6,27.23,70.65,81.66
20.641486,32.33,26.85,69.53,81.24
20.653567,34.28,26.48,68.18,80.77
20.662679,35.85,26.03,66.53,79.93
20.68173,37.2,25.65,65.03,79.18
20.682678,38.85,25.43,63.45,78.62
20.689498,40.28,25.05,61.73,77.84
20.698587,41.7,25.13,59.93,77.21
20.708874,42.75,24.75,58.05,76.22
20.718122,43.65,24.15,56.48,75.35
20.7286,44.1,23.93,55.05,74.48
20.738496,44.7,23.55,53.55,73.62
20.747907,45.08,22.95,52.35,72.79
20.758773,45.45,22.58,51.15,72.05
20.766674,45.83,22.05,50.25,71.49
20.777632,45.9,21.45,49.13,70.57
20.79208,46.12,21.45,48.45,70.25
20.795907,46.12,21.45,48.45,70.25
20.811647,46.43,21.45,47.55,69.83
20.814897,46.73,21.15,46.95,69.53
20.825072,46.95,21.08,46.65,69.46
20.833906,47.18,21.23,46.43,69.51
20.844481,47.03,21.15,46.43,69.38
20.853931,46.95,21.38,46.43,69.4
20.863474,46.95,21.53,46.73,69.65
20.873229,46.8,21.45,47.48,70.03
20.883013,46.5,21.45,47.85,70.09
20.893178,46.12,21.45,48.75,70.46
20.90995,45.83,21.75,49.58,70.93
20.913283,45.38,22.05,50.55,71.42
20.929998,45,22.58,51.83,72.25
20.931191,44.55,22.95,53.18,73.07
20.942531,44.03,23.25,54.68,73.95
20.950496,43.35,23.93,55.95,74.71
20.960483,42.38,24.83,57.83,75.87
20.97168,41.85,25.65,59.55,77.17
20.980376,40.88,26.48,61.28,78.27
20.989207,39.83,26.85,62.85,79.1
20.999014,38.62,27.15,64.35,79.81
21.009343,37.2,27.68,65.85,80.54
21.025546,35.55,28.05,67.35,81.16
21.028503,33.83,28.35,68.85,81.78
21.045271,32.18,28.35,69.98,82.07
21.047847,30,28.35,71.18,82.28
21.057124,27.83,28.35,72.45,82.63
21.066146,25.73,28.28,73.12,82.51
21.076787,23.78,28.58,73.95,82.77
21.088134,21.68,28.58,74.55,82.73
21.096084,21.68,28.58,74.55,82.73
21.105276,19.95,28.35,74.85,82.49
21.115389,18.45,28.13,74.85,82.06
21.124953,16.73,28.28,74.85,81.74
21.141875,15.23,28.35,74.55,81.2
21.144403,14.1,28.05,73.95,80.34
21.160327,12.75,27.83,73.95,80.03
21.16346,11.55,27.68,73.73,79.59
21.173233,10.73,27.68,73.58,79.34
21.182546,9.68,27.75,73.35,79.02
21.193329,9,27.75,73.35,78.94
21.20426,8.93,27.68,73.35,78.9
21.212709,9,27.68,73.43,78.98
21.222436,8.93,27.53,73.65,79.13
21.231767,9.38,27.83,73.73,79.36
21.241029,9.75,28.05,73.95,79.69
21.258343,10.5,27.98,74.03,79.83
21.260814,11.33,27.75,74.48,80.28
21.28091,12.08,27.83,74.55,80.48
21.281709,12.75,28.05,74.55,80.67
21.289327,13.88,28.05,74.55,80.85
21.298121,15.15,28.28,74.62,81.23
21.308674,16.58,28.35,74.85,81.74
21.318773,18,28.35,74.55,81.76
21.327949,19.43,28.35,74.33,81.89
21.337575,21.3,28.58,73.88,82.02
21.347148,23.4,28.43,73.73,82.41
21.356862,25.13,28.13,73.35,82.48
21.368023,26.85,28.05,72.45,82.2
21.37655,28.65,27.83,71.78,82.14
21.386741,30.3,27.68,70.65,81.7
21.396011,30.3,27.68,70.65,81.7
21.406216,32.18,27.23,69.23,81.05
21.414635,33.83,27.15,68.18,80.8
21.425789,35.25,26.63,66.98,80.23
21.434033,36.38,26.03,65.25,79.11
21.444244,37.88,25.65,63.45,78.22
21.456098,39.3,25.28,62.03,77.66
21.465219,40.5,24.75,60.38,76.8
21.473871,41.7,24.38,58.65,75.98
21.484456,42.53,24.08,57.45,75.42
21.492444,43.35,23.48,55.73,74.4
21.504179,44.25,23.25,54.15,73.69
21.513079,45,22.95,52.65,72.96
21.523768,45.6,22.73,51.45,72.41
21.53099,45.75,22.28,50.18,71.46
21.542172,45.98,21.98,49.05,70.73
21.550414,46.28,21.68,48.15,70.21
21.560134,46.65,21.53,47.25,69.8
21.570104,46.8,21.38,46.88,69.6
21.58049,46.73,21.15,46.58,69.28
21.588768,46.65,21.15,46.65,69.28
21.600052,46.65,21.08,46.65,69.26
21.609638,46.65,21.23,47.03,69.56
21.619623,46.73,21.38,47.55,70.01
21.628138,46.5,21.45,48.15,70.29
21.638262,46.2,21.45,48.98,70.66
21.647936,45.98,21.83,49.95,71.31
21.657334,45.6,22.05,50.85,71.77
21.666244,45.23,22.43,51.98,72.45
21.677411,44.78,23.03,53.25,73.28
21.686627,44.78,23.03,53.25,73.28
21.696851,44.33,23.48,54.53,74.09
21.705241,43.5,23.93,56.03,74.86
21.715722,42.45,24.23,57.45,75.43
21.724617,41.48,24.75,59.25,76.44
21.734766,40.35,25.35,60.83,77.27
21.747762,39.23,25.95,62.55,78.26
21.754242,38.03,26.55,64.12,79.14
21.763336,36.6,26.85,65.55,79.73
21.776799,34.88,27.45,67.05,80.41
21.784501,33.23,27.75,68.48,81.01
21.797436,31.5,28.05,69.75,81.51
21.801885,29.7,28.35,70.65,81.71
21.812365,27.83,28.58,71.55,81.92
21.821075,25.95,28.65,72.45,82.12
21.830904,24.08,28.65,73.05,82.08
21.840356,22.28,28.65,73.88,82.31
21.850173,20.7,28.65,74.03,82.03
21.859774,19.12,28.73,74.25,81.88
21.870085,17.7,28.95,74.48,81.84
21.879048,16.2,28.73,74.55,81.52
21.889349,14.78,28.35,74.25,80.84
21.908496,13.5,28.35,74.03,80.41
21.909292,12.23,28.05,74.25,80.31
21.917683,11.25,27.83,73.95,79.81
21.927854,10.43,27.75,74.03,79.74
21.937063,9.68,27.45,73.95,79.47
21.946963,9.23,27.23,73.95,79.34
21.957355,9.08,27.38,73.95,79.37
21.968656,9.15,27.53,73.95,79.44
21.976164,9.15,27.45,74.25,79.69
21.98645,9.15,27.45,74.25,79.69
21.995055,9.3,27.75,74.03,79.6
22.005829,9.6,27.83,74.25,79.87
22.024113,10.12,27.83,74.33,80.01
22.025128,10.95,27.98,74.18,80.03
22.033908,11.85,28.05,74.25,80.25
22.044052,12.98,28.05,74.33,80.49
22.0532,14.18,27.98,74.55,80.88
22.06332,15.45,28.05,74.25,80.86
22.073125,17.1,28.13,74.25,81.22
22.083098,18.83,28.13,74.03,81.39
22.094619,20.4,28.13,73.73,81.5
22.103247,22.35,28.28,73.65,82
22.111869,24.3,28.05,73.05,81.94
22.128243,26.25,28.05,72.38,81.94
22.135415,28.35,28.05,71.48,81.85
