Peak Brightness Date/Time (UT),Latitude (deg.),Longitude (deg.),Altitude (km),Velocity (km/s),vx,vy,vz,Calculated Total Impact Energy (kt),Total Radiated Energy (J)
2017/7/31 22:01,24.7N,118.5W,,,,,,0.19,
2017/7/23 06:12,6.6S,69.7W,38,17.2,-0.4,8.7,-14.8,0.12,
2017/7/13 09:30,23.1N,60.7E,35,13.7,-10,-6.5,-6.8,0.23,
2017/6/30 14:26,34.3S,134.5E,20,15.2,10.9,-9.7,4.2,0.29,
2017/6/23 20:21,57.0N,143.7E,35.1,24.3,17.7,13.1,-10.3,0.52,
2017/6/20 13:41,54.2S,133.0E,33.3,13.6,8.7,-5.7,8.8,1.6,
2017/5/24 07:03,9.1S,101.8E,46,18.4,-6.5,-16.5,-5,0.28,
2017/5/22 17:44,49.6S,157.6W,33,,,,,0.12,
2017/5/14 09:30,26.0S,32.4E,33,,,,,0.12,
2017/4/30 21:28,25.7S,56.2E,32.4,21.5,-13.4,-14.2,8.9,0.43,
2017/3/11 04:51,28.3N,60.2W,28,,,,,2.9,
2017/3/9 04:16,40.5N,18.0W,23,36.5,-15.3,25.8,-20.8,1,
2017/3/8 22:21,26.1S,174.9E,37,,,,,0.23,
2017/2/25 01:22,29.5N,13.5E,25.4,12.2,-7.6,-9.3,2.2,0.21,
2017/2/21 18:47,50.7S,66.0W,,,,,,0.13,
2017/2/18 19:48,6.2N,60.4E,38,24.2,-6.6,-22.7,-5.3,0.79,
2017/2/7 17:37,27.4S,14.8W,54,,,,,0.073,
2017/2/6 06:09,10.4N,131.6E,33.5,,,,,0.21,
2016/12/23 03:29,21.3N,49.3E,42,29.7,-22.4,16.4,-10.5,0.13,
2016/12/7 04:51,34.5S,126.6W,,,,,,0.35,
2016/11/29 08:05,30.6S,93.1W,,,,,,0.11,
2016/11/24 14:10,15.2S,80.3E,30.6,17.4,9.1,-11.2,9.7,0.4,
2016/11/3 17:14,39.6S,16.3W,37,,,,,0.24,
2016/10/1 20:23,36.2N,6.7E,27.8,14.2,-10,3.9,-9.3,0.11,
2016/9/22 04:57,51.8S,178.5E,40,17.5,-2.5,-3.3,17,0.22,
2016/9/14 15:01,3.5S,44.6E,54,18.3,3.5,-16.2,7.7,0.24,
2016/8/27 21:45,56.9S,162.2E,42,,,,,0.41,
2016/8/11 05:59,43.7S,53.8E,34.3,14.9,-0.7,-11.4,9.6,0.52,
2016/8/5 18:02,46.4N,171.6E,32.4,,,,,0.36,
2016/7/21 00:48,7.8N,1.6W,37,,,,,0.15,
2016/7/5 01:24,1.0N,48.6E,38.2,25.1,-10.3,-2,-22.8,0.44,
2016/6/27 10:02,15.8N,11.9W,33.3,29.1,-29.1,1.5,0.7,1.2,
2016/6/5 06:12,17.4S,138.3E,28.7,14.5,6,-11.9,5.7,0.87,
2016/6/2 10:56,33.8N,110.9W,,,,,,0.49,
2016/5/29 12:14,10.2N,48.8W,32,,,,,0.22,
2016/5/20 11:59,32.8S,15.1E,30.6,20.8,5.4,-9.9,17.5,0.073,
2016/5/16 10:09,3.2N,6.6E,41.7,12.2,-6.7,-3.3,-9.6,1.3,
2016/5/13 00:34,26.2N,122.3W,33,,,,,0.31,
2016/4/24 05:39,9.8N,42.8W,50,,,,,0.42,
2016/4/18 11:59,20.7N,14.5W,31.5,17.1,-3.5,2.2,-16.6,0.62,
2016/4/12 09:51,38.3N,162.2E,,,,,,0.073,
2016/4/10 14:57,22.0N,149.0E,35.2,15.1,4.7,-12.9,-6.4,1.6,
2016/3/16 23:54,49.2S,6.3W,42,13.3,-7.6,9.1,6,0.11,
2016/3/3 01:32,48.0S,51.0E,31.8,11.7,4.8,-7.1,7.9,0.19,
2016/2/23 03:59,32.3N,67.2E,44,17.9,-8.5,-1.6,-15.7,0.12,
2016/2/21 05:58,36.5N,37.2W,32,,,,,0.96,
2016/2/19 08:15,0.7N,11.6W,39.4,15.5,-14.9,-0.5,4.1,0.56,
2016/2/6 13:55,30.4S,25.5W,31,15.6,2.7,14.5,5,13,
2016/1/27 09:59,45.8S,53.6E,37,11.5,-10,-4.4,3.6,0.16,
2016/1/21 16:44,10.8S,0.7E,42.5,18.1,-3.8,-17.7,-1.2,0.15,
2015/12/30 13:07,33.8N,160.7W,39,,,,,0.079,
2015/12/21 02:32,5.9N,143.0E,42.2,12.1,6.4,-10,2.5,0.26,
2015/12/8 00:34,69.9S,150.5E,38,,,,,0.55,
2015/11/13 14:59,16.0N,124.3E,28,,,,,0.31,
2015/11/2 21:34,41.4S,33.0E,37,,,,,0.24,
2015/10/31 11:34,9.0N,138.0W,71,,,,,0.29,
2015/10/13 12:23,8.0S,52.5W,38.9,12.9,-6.6,3.8,10.4,0.082,
2015/10/11 00:07,55.4S,18.8W,,,,,,0.1,
2015/10/10 09:57,51.0S,21.1W,51.8,11.8,-1.3,-5.1,10.6,0.12,
2015/10/4 21:02,22.0N,171.6W,36.1,,,,,0.15,
2015/9/17 21:03,43.1S,94.9E,,,,,,0.3,
2015/9/14 23:50,5.8N,15.2W,,,,,,0.22,
2015/9/8 13:46,6.3N,29.9E,44.4,16.1,-11.5,-11.3,-0.9,0.073,
2015/9/7 01:41,14.5N,98.9E,29.3,21,16.8,-12,-3.8,3.9,
2015/9/2 20:10,39.1N,40.2E,39.8,24.1,10.3,-12.2,-18,0.13,
2015/7/19 07:06,20.6N,87.6W,22,17.8,9.4,13,7.8,0.082,
2015/7/12 22:23,31.0N,159.6E,41,,,,,0.079,
2015/7/4 01:40,38.6N,103.1E,46.3,49,0.9,-40.4,-27.7,0.18,
2015/6/14 03:03,6.3N,124.1E,32.4,31.9,-4.7,-17.8,-26,0.22,
2015/6/12 17:03,1.3S,32.1W,43.5,,,,,0.5,
2015/6/10 17:43,11.5S,161.9W,61.1,,,,,1,
2015/6/2 08:44,6.4S,142.7W,,,,,,0.99,
2015/5/20 10:20,1.0N,172.6E,32.4,,,,,0.12,
2015/5/18 17:13,32.4N,139.1E,29,,,,,0.14,
2015/5/10 07:45,46.3S,179.3W,29.6,12.2,11.2,0.9,4.7,0.42,
2015/5/7 20:34,21.5S,29.3W,37,17.3,-16.2,-5.8,1.4,0.17,
2015/4/30 10:21,48.7S,139.1E,26.7,12.9,12.2,-4.2,0.9,0.32,
2015/4/21 01:42,37.7N,39.6W,37.4,21.3,-15.3,12.8,7.4,0.27,
2015/4/10 01:14,42.8S,8.2E,,,,,,0.21,
2015/4/8 04:06,25.5S,51.5E,36.3,19.2,8,-15.6,-7.9,0.49,
2015/4/3 01:39,8.4N,157.9W,,,,,,0.14,
2015/3/30 21:33,36.1S,5.5W,33.1,13.8,-13.7,-1.7,0.8,0.2,
2015/3/18 00:04,5.4S,159.3E,50,,,,,0.36,
2015/3/11 06:18,8.0N,119.1E,35.2,19.9,5.5,-10.5,-16,0.23,
2015/3/8 04:26,39.1S,118.6W,,,,,,0.073,
2015/3/4 04:30,15.9S,88.1E,39.8,18,7.8,-16,-2.5,0.18,
2015/2/26 22:06,68.0N,149.0W,33.7,21.1,5.6,-2.3,-20.2,0.53,
2015/2/25 10:53,12.4N,122.4W,42,,,,,0.19,
2015/2/17 13:19,8.0S,11.2W,39,28.8,-28.2,3.4,4.6,0.11,
2015/1/9 17:31,23.3S,49.2W,,,,,,0.079,
2015/1/9 10:41,2.0N,28.8E,36,17.5,-10.7,-7.6,11.6,0.41,
2015/1/7 01:05,45.7N,26.9E,45.5,35.7,-35.4,1.8,-4.4,0.4,
2015/1/2 13:39,31.1S,140.0E,38.1,18.1,4.5,-14.4,-10,0.073,
2014/12/13 02:53,86.7N,162.1W,30.7,21.7,15.3,-13.3,-7.8,0.15,
2014/12/12 06:48,33.5N,144.9E,26.3,12,11.5,-2.8,-2.2,0.11,
2014/12/9 21:19,76.6N,96.3E,26.3,,,,,0.24,
2014/11/28 11:47,45.8S,172.7W,26.1,13.4,0.4,-1.4,13.3,1.7,
2014/11/27 12:12,18.8S,73.4W,38,,,,,0.18,
2014/11/26 23:16,69.5S,179.7W,23.3,25.3,21.3,2.2,13.4,0.35,
2014/11/26 17:40,68.2S,24.0W,37,19.9,-7,16.1,9.4,0.32,
2014/11/4 20:13,43.1N,115.8E,22.2,16,-7.2,-12.1,-7.7,0.45,
2014/10/21 18:55,22.2N,132.9W,,,,,,0.12,
2014/10/17 14:07,4.6S,66.3W,39,,,,,0.23,
2014/10/14 10:25,2.0S,119.2E,27.2,16.9,15,-6.9,-3.5,0.1,
2014/10/6 20:02,43.7S,85.7E,,,,,,0.13,
2014/9/9 18:55,3.2N,137.2E,32.5,,,,,0.098,
2014/9/5 21:37,22.7N,150.0W,,,,,,0.12,
2014/8/29 23:15,6.2S,49.9W,,,,,,0.092,
2014/8/28 03:07,3.2N,45.4W,,,,,,0.12,
2014/8/23 06:29,61.7S,132.6E,22.2,16.2,-2.3,5.7,16.5,7.6,
2014/7/29 07:38,49.2S,172.2W,,,,,,0.23,
2014/7/29 03:07,33.9S,115.9W,,,,,,0.17,
2014/6/28 02:40,18.9N,141.2E,26.3,12.4,12,3.5,-10.5,0.67,
2014/6/26 05:54,71.5S,93.4E,28.5,11.2,7,2.9,8.3,0.2,
2014/5/29 01:12,21.9N,131.1W,28.7,,,,,0.19,
2014/5/16 20:06,39.4S,95.9W,30.8,18,2.9,13.4,-12.5,0.4,
2014/5/16 12:42,44.2S,176.2W,44,16.5,14.4,4.6,6.5,0.82,
2014/5/8 19:42,36.9S,87.3E,35.4,19,-2,-16.1,9.9,2.4,
2014/3/29 13:45,28.7S,121.5E,30.7,16.3,10,-12.7,2.2,0.13,
2014/3/18 11:02,0.0N,111.8W,30.5,,,,,1.3,
2014/3/3 15:00,29.0S,94.9W,,,,,,0.29,
2014/2/18 12:50,32.8S,61.5W,,,,,,0.092,
2014/2/13 06:47,13.3N,110.7W,25,,,,,1.5,
2014/1/15 02:46,18.5S,141.8E,29.6,,,,,0.41,
2014/1/12 16:00,2.9N,64.4E,37,16.2,-5.2,-15.1,2.6,0.24,
2014/1/8 17:05,1.3S,147.6E,18.7,44.8,-3.4,-43.5,-10.3,0.11,
2013/12/23 08:30,39.5N,2.0E,34.3,15.1,-1.1,11.4,-9.9,0.43,
2013/12/8 03:10,32.8N,165.1W,23.5,11.8,2.3,2.5,-11.3,0.2,
2013/11/21 01:50,44.7N,35.3E,59.3,12.4,-5,-11,-2.7,0.23,
2013/10/12 16:06,19.1S,25.0W,22.2,12.8,-8,8.4,-5.5,3.5,
2013/10/9 17:27,,,,,,,,0.19,
2013/9/24 15:31,10.3S,164.7W,40.7,,,,,0.46,
2013/8/12 18:08,34.4S,118.2E,66.6,,,,,0.15,
2013/7/31 07:00,,,,,,,,0.13,
2013/7/31 03:50,31.8S,137.1E,29.1,17.8,17.7,-2.3,-0.1,0.22,
2013/7/30 02:36,50.2S,90.2E,25.6,18.8,15.9,-8.6,5.1,1,
2013/7/27 08:30,0.3N,156.2E,26.5,22.1,16,14.9,-3.3,0.36,
2013/7/26 11:32,21.0N,178.5W,37,,,,,0.073,
2013/7/18 00:46,,,,,,,,0.079,
2013/6/13 02:51,,,,,,,,0.079,
2013/6/1 22:49,65.6S,138.4E,28.9,,,,,0.12,
2013/5/14 23:20,3.0S,76.4E,,,,,,0.073,
2013/4/30 08:40,35.5N,30.7W,21.2,12.1,1,9,-8,10,
2013/4/21 06:23,28.1S,64.6W,40.7,14.9,5,14,1,2.5,
2013/3/12 10:32,32.7S,17.1E,26,,,,,0.1,
2013/2/20 13:13,23.0S,38.8W,,13.6,-11,-8,-1,0.1,
2013/2/15 03:20,54.8N,61.1E,23.3,18.6,12.8,-13.3,-2.4,440,
2013/2/7 13:12,18.8S,158.6W,,,,,,0.21,
2013/1/25 07:40,60.3N,64.6W,,,,,,6.9,
2013/1/12 03:04,15.1S,155.6W,36.1,,,,,0.16,
2012/12/30 07:25,17.3N,83.6W,,,,,,0.55,
2012/12/18 11:19,,,,,,,,0.095,
2012/11/20 20:37,2.5N,29.6E,33.3,14.3,-12.2,-5.3,5.3,0.089,
2012/11/20 06:25,8.0S,86.0W,,,,,,0.36,
2012/10/25 15:57,,,,,,,,0.1,
2012/10/19 16:26,75.4S,49.6E,29.3,13.2,-2.3,-3.9,12.4,0.082,
2012/10/9 00:54,51.2N,84.6W,27.8,13.5,3.4,12,5.1,0.58,
2012/10/3 22:50,41.5S,21.9W,,17,-2.4,5.5,15.9,0.75,
2012/10/2 16:38,8.1S,111.9W,35,15.4,1.4,15.3,1,1.2,
2012/9/28 05:44,6.9S,73.7E,,,,,,0.13,
2012/9/18 19:34,1.2N,52.2W,28.1,18.3,-1.9,14.1,-11.5,0.67,
2012/9/11 22:07,18.9S,105.2E,,,,,,0.17,
2012/9/10 01:03,69.8S,111.7W,23.8,16.9,-10.2,-5.2,12.4,0.082,
2012/8/27 06:57,18.3S,64.2E,38.7,28.9,-8,-23.7,-14.5,0.22,
2012/8/26 14:55,11.8N,117.0E,36,12.7,5,-11.6,-0.7,0.68,
2012/8/13 05:31,,,,,,,,0.11,
2012/7/27 04:19,63.1N,172.3E,27.2,,,,,0.12,
2012/7/25 07:48,36.4N,41.5E,26.8,18.5,0.8,2,-18.4,0.39,
2012/6/5 07:44,,,,,,,,0.086,
2012/5/25 11:31,41.8S,36.2W,,,,,,0.19,
2012/5/22 08:31,,,,,,,,0.59,
2012/5/15 11:04,61.8S,135.5W,33.3,17.1,-0.8,1.1,17,0.39,
2012/5/4 21:54,76.7N,10.6W,,,,,,0.63,
2012/4/23 22:01,36.2N,107.4E,25.2,,,,,0.15,
2012/4/21 16:08,15.8S,174.8W,,,,,,0.42,
2012/4/19 22:12,5.5N,16.8E,,,,,,0.1,
2012/4/2 16:50,28.1N,95.2W,,,,,,0.11,
2012/3/12 06:40,2.5N,139.8E,25,11.8,0.1,-11.8,0.3,0.3,
2012/3/3 21:28,7.8N,2.7E,20.4,,,,,0.31,
2012/3/1 03:12,46.9N,29.8W,,,,,,0.079,
2012/2/24 19:11,22.7S,30.8E,,,,,,0.13,
2012/2/17 10:47,3.2S,39.9W,45.6,,,,,0.44,
2012/2/12 05:25,31.7S,54.9E,61,,,,,0.41,
2012/2/4 14:42,32.4N,0.1E,34.2,12.2,-3.9,10.9,4,0.43,
2012/1/15 12:26,64.1S,109.9E,26.3,12.3,-1.9,5.1,11,0.076,
2012/1/11 02:23,32.2N,88.5E,,,,,,0.26,
2011/12/19 11:35,30.2S,52.6E,36.1,,,,,0.4,
2011/12/14 05:01,62.9S,89.6E,32.4,,,,,0.16,
2011/12/11 17:29,,,,,,,,0.1,
2011/11/20 05:25,27.9S,116.3E,,,,,,0.082,
2011/10/12 07:13,26.4S,78.4W,,,,,,0.12,
2011/9/13 23:36,19.9S,13.8W,21.3,16.7,-3.7,1.8,16.2,0.21,
2011/8/31 09:44,18.6N,5.1W,,,,,,0.095,
2011/8/20 20:01,27.2S,2.8W,,,,,,0.082,
2011/8/18 14:55,,,,,,,,0.082,
2011/8/11 02:56,,,,,,,,0.12,
2011/8/4 07:25,40.7S,86.7W,63,,,,,0.098,
2011/7/27 23:00,45.3S,63.5E,29.6,,,,,0.15,
2011/7/7 23:25,,,,,,,,0.11,
2011/7/5 15:42,29.1N,139.7E,40.7,,,,,0.21,
2011/7/4 09:18,51.7S,175.0E,,,,,,0.1,
2011/6/16 11:51,67.3N,21.4W,40.5,,,,,0.086,
2011/5/25 05:40,4.1N,14.0E,59,11.6,-3.4,-10.8,2.4,4.8,
2011/5/16 13:39,1.2S,92.8E,,,,,,0.073,
2011/4/27 20:38,1.4N,126.6W,28.7,,,,,0.61,
2011/4/27 11:21,,,,,,,,0.086,
2011/4/17 11:21,,,,,,,,0.086,
2011/4/6 08:30,71.1N,43.5W,22.2,12.7,3.3,11.8,-3.5,0.43,
2011/3/24 20:23,0.6N,127.5W,59,,,,,0.19,
2011/3/23 04:24,,,,,,,,0.11,
2011/3/23 04:16,16.8S,85.6W,,,,,,0.079,
2011/3/1 10:37,53.5N,103.9E,30.6,11.9,-6.7,-1.1,-9.8,0.13,
2011/2/21 05:07,26.3N,43.7E,44.4,18,10.3,-14.8,0.1,0.13,
2011/2/12 11:00,7.8N,95.3W,,,,,,0.073,
2011/1/21 15:11,18.9N,44.6W,61,,,,,0.23,
2011/1/8 19:38,33.3N,125.8W,48,,,,,0.1,
2010/12/25 23:24,38.0N,158.0E,26,18.1,18,-2,-4,33,
2010/12/14 00:27,4.9S,175.5E,24,,,,,0.13,
2010/12/9 02:54,54.5S,169.7W,66,,,,,0.2,
2010/12/1 06:31,72.5S,144.9E,33.3,,,,,0.39,
2010/11/21 14:45,1.9N,143.3E,50,,,,,0.25,
2010/11/19 07:25,10.3S,148.8E,30,,,,,0.11,
2010/11/10 08:26,74.5N,77.7W,,,,,,0.22,
2010/11/9 13:05,56.3S,16.7W,37,,,,,0.27,
2010/11/9 06:56,14.0S,160.0W,26,,,,,0.073,
2010/10/27 11:27,14.1S,67.7E,35.2,,,,,0.42,
2010/10/8 09:58,,,,,,,,0.073,
2010/9/24 12:02,67.4S,50.6W,,,,,,0.16,
2010/9/18 05:04,7.4N,36.7E,,,,,,0.21,
2010/9/8 19:51,13.9S,65.5W,46.3,,,,,0.21,
2010/9/5 23:37,25.9S,49.0E,35.2,,,,,1.7,
2010/9/3 12:04,61.0S,146.7E,33.3,12.3,9.8,-3.5,6.5,3.8,
2010/8/17 04:19,20.7N,114.3W,33.3,,,,,0.076,
2010/7/15 01:49,60.9N,178.1W,,,,,,0.086,
2010/7/6 23:54,34.1S,174.5W,26,15.7,12.1,10,0.2,14,
2010/6/26 06:04,0.5S,133.2E,50,,,,,0.34,
2010/6/21 06:42,22.5S,120.9W,,,,,,0.47,
2010/6/17 04:24,26.1S,100.0E,42,,,,,0.35,
2010/4/17 02:21,13.1N,173.0W,,,,,,0.18,
2010/4/16 04:38,1.8N,176.9W,22.2,18.8,12.4,-13.2,-5.2,2,
2010/4/6 18:33,52.8N,146.5W,,,,,,0.25,
2010/3/18 16:11,32.4S,51.8W,,,,,,0.5,
2010/3/15 15:55,,,,,,,,0.25,
2010/3/14 18:44,33.8N,90.2W,35.6,,,,,0.14,
2010/3/8 22:44,18.2N,110.1E,53,,,,,0.1,
2010/3/8 22:02,32.0N,92.9W,52,24.5,19.1,11,10.7,0.85,
2010/2/28 22:24,48.7N,21.0E,37,15.1,-11.7,2.7,-9.1,0.44,
2010/2/26 22:46,37.3S,166.0W,,,,,,0.65,
2010/2/24 19:55,2.6S,102.2W,,,,,,0.28,
2010/1/15 19:17,8.3S,27.0E,25,14,-9.1,6,8.8,1.2,
2009/12/31 16:24,,,,,,,,0.26,
2009/12/31 12:50,37.9N,178.3W,20.7,,,,,0.31,
2009/11/25 01:36,52.8S,136.5E,,,,,,0.2,
2009/11/21 20:53,22.0S,29.2E,38,32.1,3,-17,-27,18,
2009/11/18 17:36,,,,,,,,0.26,
2009/11/18 07:07,40.4N,113.2W,31.5,,,,,1.8,
2009/11/14 19:58,,,,,,,,0.082,
2009/11/7 11:31,45.5N,157.7W,,,,,,0.079,
2009/11/7 10:41,24.0N,64.1E,37,,,,,0.14,
2009/10/11 12:49,78.3S,70.2E,27.8,,,,,0.22,
2009/10/8 02:57,4.2S,120.6E,19.1,19.2,14,-16,-6,33,
2009/9/27 22:22,36.0S,67.6W,37,,,,,0.27,
2009/9/18 20:13,7.7N,29.5W,,,,,,0.42,
2009/9/4 02:23,42.5N,110.0E,28.3,24,19.2,-11.6,-8.5,2.3,
2009/8/23 21:17,67.7S,18.3E,34,12.2,-6.9,5.3,8.5,0.75,
2009/7/31 02:13,8.9N,121.9W,,,,,,0.089,
2009/7/16 06:39,24.4S,59.8W,32.2,,,,,1.8,
2009/7/3 04:02,,,,,,,,0.095,
2009/6/27 13:08,26.6S,12.6W,26.1,15.2,-11.6,1.6,9.7,0.11,
2009/6/20 11:04,,,,,,,,0.095,
2009/6/18 04:39,23.7S,16.0W,57.4,,,,,0.11,
2009/6/9 22:42,54.9N,152.7W,34.2,,,,,0.76,
2009/5/31 06:05,19.7N,121.0W,,,,,,0.42,
2009/5/13 20:20,,,,,,,,0.23,
2009/5/4 11:39,36.4N,160.4W,40.7,,,,,0.41,
2009/4/20 04:01,6.0N,84.3E,,,,,,0.079,
2009/4/10 18:42,44.7S,25.7E,32.4,19.1,-18.9,2.6,0.3,0.73,
2009/3/4 00:38,,,,,,,,0.48,
2009/2/20 12:15,64.9S,70.0W,,,,,,0.16,
2009/2/7 19:51,56.6N,69.8E,40,15.4,-2.4,-1.9,-15.1,3.5,
2009/1/12 22:24,47.8N,44.3W,,,,,,0.16,
2009/1/10 07:42,64.0S,122.8E,26.5,,,,,0.082,
2008/12/24 15:51,68.9S,102.0W,21.1,24.1,-13.4,18,8.8,0.12,
2008/12/12 11:36,7.0S,9.7W,50,,,,,0.6,
2008/12/9 06:08,,,,,,,,0.12,
2008/11/24 22:01,57.9S,146.1E,34.8,23.7,21.5,10,0.4,0.42,
2008/11/21 00:26,53.1N,109.9W,28.2,12.9,3.9,-4.1,-11.6,0.41,
2008/11/18 09:41,29.4S,75.9E,35.2,22.4,-4,-15.2,-16,0.089,
2008/11/9 02:38,14.5N,112.7E,29.6,,,,,0.61,
2008/10/21 02:20,32.8N,165.6W,29.6,11.3,9.6,5.8,1.5,0.15,
2008/10/10 09:34,57.3S,17.0E,21.4,,,,,0.51,
2008/10/7 02:45,20.9N,31.4E,38.9,13.3,-9,9,3.8,1,
2008/9/9 09:49,,,,,,,,0.19,
2008/8/16 14:40,11.3N,97.2E,,,,,,0.38,
2008/8/12 11:44,11.6S,175.0W,,,,,,0.073,
2008/8/7 06:07,18.5N,180.0E,45.4,13.8,6.5,-12.1,1.7,0.14,
2008/7/23 14:45,38.6N,68.0E,31.5,14.5,-7.7,-8.2,-9.1,0.36,
2008/7/22 19:34,17.8S,89.2W,54.4,,,,,0.2,
2008/7/11 14:35,,,,,,,,0.17,
2008/7/8 15:55,72.8N,147.3E,52.2,21.7,-12.9,1.9,-17.4,0.21,
2008/7/1 17:40,37.1N,115.7W,36.1,9.8,2.8,1.7,-9.2,0.12,
2008/6/27 02:01,26.9S,17.7W,33.7,23.1,-17.9,13,6.6,0.49,
2008/6/18 13:45,6.1N,103.1E,,,,,,0.076,
2008/5/29 21:23,15.7N,83.5W,,,,,,0.076,
2008/5/24 10:18,0.8N,162.0E,37,14.2,7.9,3.1,11.4,0.43,
2008/5/22 20:50,46.9N,134.5E,,,,,,0.076,
2008/5/6 01:08,,,,,,,,0.18,
2008/4/30 01:18,33.6S,35.1W,,,,,,0.073,
2008/4/6 16:03,,,,,,,,0.24,
2008/3/15 11:29,28.0N,41.5W,26.7,12.9,-4.1,4.8,-11.2,0.16,
2008/2/24 19:33,,,,,,,,0.23,
2008/2/19 13:30,48.9N,119.8W,,,,,,0.073,
2008/2/18 08:51,,,,,,,,0.16,
2008/2/17 12:19,74.9N,73.4W,40.4,13.9,-5.8,-10.7,-6.7,0.33,
2008/2/16 08:38,,,,,,,,0.22,
2008/1/18 01:17,,,,,,,,0.15,
2008/1/9 03:53,66.8S,67.3W,31.5,11.6,4.3,5.7,9.1,0.14,
2007/12/26 06:46,61.6S,158.9W,,,,,,0.4,
2007/12/20 17:00,51.3N,115.4E,,,,,,0.36,
2007/10/25 19:35,40.9S,91.3E,46.3,,,,,0.19,
2007/10/12 09:14,88.5N,116.6E,37,18.4,-4.5,-14.1,-10.9,0.11,
2007/10/7 13:31,35.2S,125.6E,,,,,,0.19,
2007/9/22 17:57,49.2S,85.5W,30.2,16.9,-9.2,13.6,3.8,0.65,
2007/6/11 09:47,23.4S,170.9W,35.2,17,16.7,-2.1,-2.2,0.16,
2007/6/8 13:32,52.0S,175.3E,38.9,,,,,0.65,
2007/6/7 21:28,21.9N,53.1E,29.6,,,,,0.11,
2007/5/16 16:20,4.5S,111.7E,,,,,,0.13,
2007/5/16 04:45,42.4S,164.0E,31.5,,,,,1,
2007/5/4 17:52,22.9N,109.4E,48,,,,,0.5,
2007/4/18 12:44,83.7S,171.2W,38,24.4,-5.3,-2.5,23.7,0.33,
2007/4/16 14:56,,,,,,,,0.086,
2007/3/17 06:48,7.1N,4.1E,32.5,14.5,-7.3,-1.9,-12.4,0.13,
2007/3/15 02:20,44.1S,148.4W,,,,,,0.089,
2007/3/7 15:16,,,,,,,,0.095,
2007/2/2 12:48,24.0N,37.2W,35.5,,,,,0.89,
2007/1/26 22:22,3.7N,99.7E,,,,,,0.43,
2007/1/22 07:24,45.4N,53.5E,32,13.4,-3.3,-12.8,-1.9,0.24,
2007/1/18 13:51,5.3N,164.3W,34.1,,,,,0.11,
2007/1/17 09:50,8.7S,50.8E,33.3,,,,,1.4,
2007/1/1 11:43,44.4N,116.5E,53,,,,,0.12,
2006/12/9 06:31,26.2N,26.0E,26.5,15.9,4.9,-15,1.6,14,
2006/12/7 11:42,14.0N,140.0W,,,,,,0.076,
2006/12/1 06:09,13.0S,30.7E,,,,,,0.2,
2006/11/13 15:16,44.0S,43.3E,,,,,,0.082,
2006/10/24 08:42,1.9S,2.7W,43,,,,,0.62,
2006/10/14 18:10,49.4N,175.0W,44.4,23.9,4.9,23.4,-1,0.7,
2006/10/9 04:45,47.0S,78.9E,22.2,,,,,0.14,
2006/10/7 12:18,23.0S,61.8W,40.7,,,,,0.14,
2006/10/2 19:10,14.0N,53.1E,42,,,,,0.28,
2006/9/27 08:33,32.0S,60.2E,48.1,,,,,0.32,
2006/9/23 18:52,29.0S,108.0W,,,,,,0.36,
2006/9/2 17:57,,,,,,,,0.079,
2006/9/2 04:26,14.0S,109.1E,44.1,14.2,10,-9.9,1.5,2.8,
2006/8/29 01:38,44.0S,162.0W,40.7,,,,,0.28,
2006/8/18 00:03,43.0S,33.4E,47.2,,,,,0.11,
2006/8/17 10:43,11.0S,165.7E,48.2,,,,,0.7,
2006/8/15 10:52,4.9N,49.6E,32.7,,,,,0.16,
2006/8/9 04:30,23.1S,53.7E,37,,,,,2.4,
2006/7/15 23:55,78.3S,5.0W,29.6,12.4,0.1,2,12.2,0.26,
2006/7/15 15:22,31.1N,45.6E,38.9,30.2,9.2,-1.2,-28.7,0.47,
2006/6/7 00:06,69.2N,22.5E,40.7,19.6,6.1,4.6,-18,0.19,
2006/5/28 01:32,,,,,,,,0.092,
2006/5/21 07:51,11.6S,25.5W,,,,,,0.71,
2006/5/7 17:45,,,,,,,,0.1,
2006/5/6 15:39,60.2S,152.3W,35.2,,,,,0.38,
2006/4/25 18:46,,,,,,,,0.073,
2006/4/8 13:16,17.3N,113.2W,33.3,,,,,0.37,
2006/4/4 11:30,26.6N,26.6W,25,,,,,5,
2006/3/14 03:21,7.0N,64.6W,35.2,,,,,0.42,
2006/2/26 07:30,,,,,,,,0.22,
2006/2/6 01:57,54.5S,18.1E,35.2,,,,,2.7,
2006/2/4 08:38,36.9N,143.6W,38.9,19.8,-8.8,3.4,-17.4,0.3,
2006/1/28 03:33,51.7S,56.4E,37,18.7,8.4,-16.4,3.2,1.8,
2006/1/27 01:27,58.7N,74.7E,20,,,,,0.15,
2006/1/26 00:00,79.8S,111.0W,37,,,,,0.17,
2006/1/10 23:25,29.8N,12.7W,32.4,16.9,-9.9,-6.3,-12.2,0.098,
2006/1/8 05:20,7.6N,28.2W,,,,,,0.29,
2005/12/29 10:05,3.0S,154.9W,42.2,20.7,18.6,8.5,3.2,0.53,
2005/12/24 15:30,54.0S,17.3E,66,,,,,0.51,
2005/12/3 12:45,33.8S,117.4E,32.2,17,-12.1,-9.6,7.2,0.27,
2005/12/1 10:40,6.4S,155.8W,,,,,,0.11,
2005/11/29 07:33,7.6N,58.2W,59.3,,,,,0.11,
2005/11/15 05:19,26.3N,113.4W,32.4,,,,,0.089,
2005/11/11 20:34,21.4N,134.1W,29.6,,,,,0.14,
2005/11/9 07:33,31.0S,145.9E,30.7,13.8,13.5,-2.7,-0.7,0.23,
2005/11/2 07:04,33.9N,154.9W,68.5,,,,,0.11,
2005/11/2 05:16,22.9N,123.8W,74,,,,,0.21,
2005/10/26 21:30,36.3S,80.5W,16.7,,,,,0.4,
2005/9/30 19:04,2.8S,84.1W,53,,,,,0.079,
2005/9/14 01:08,11.6N,27.3E,33.3,,,,,0.089,
2005/9/2 07:59,13.5N,73.1E,,,,,,0.25,
2005/8/20 12:10,,,,,,,,0.095,
2005/8/9 14:35,21.5S,56.2E,37,16.9,-16.3,4.3,1.4,0.089,
2005/7/1 22:36,49.8S,33.1E,50,,,,,0.11,
2005/6/18 19:40,47.9N,85.6E,,,,,,0.082,
2005/6/5 01:56,34.8N,90.9E,,,,,,0.14,
2005/6/3 08:15,31.0S,90.3W,29.6,26.2,-1.5,25.3,6.7,0.25,
2005/5/27 14:12,48.9S,145.1E,50.5,,,,,0.073,
2005/5/14 13:02,,,,,,,,0.38,
2005/5/7 09:31,75.8S,163.7E,15.2,16.6,9.6,-9.7,9.4,0.092,
2005/5/2 20:10,17.7N,36.0E,,,,,,0.15,
2005/4/22 11:18,20.9N,36.7W,37,,,,,0.079,
2005/4/19 07:37,50.2S,146.4W,38.5,16.8,9.3,13.8,2.5,0.64,
2005/4/16 10:40,,,,,,,,0.073,
2005/4/15 06:54,43.8S,73.9W,39,,,,,0.076,
2005/4/14 14:05,4.9N,176.0W,26.5,,,,,0.22,
2005/4/11 05:20,34.2S,95.7W,37,,,,,0.32,
2005/4/6 01:30,42.7S,154.6E,70,,,,,0.1,
2005/4/5 17:48,,,,,,,,0.12,
2005/4/3 01:45,1.0S,112.4E,59.2,,,,,0.61,
2005/4/2 22:52,14.1N,169.7E,27.2,,,,,0.57,
2005/3/31 22:15,42.8N,36.2W,,,,,,0.13,
2005/3/18 16:48,9.7S,34.7W,33,,,,,0.095,
2005/3/12 22:16,,,,,,,,0.079,
2005/3/9 15:47,21.4S,157.9W,44.4,,,,,0.17,
2005/3/9 12:49,14.3N,142.7E,30.7,,,,,0.13,
2005/3/6 17:32,,,,,,,,0.18,
2005/2/17 22:52,48.0N,161.5W,42.5,,,,,0.3,
2005/1/19 01:43,27.5S,164.9W,40.7,,,,,0.41,
2005/1/2 23:09,21.3S,154.7E,35.2,21.5,20.2,-3.3,6.6,0.35,
2005/1/1 03:44,32.7N,12.4E,31.8,,,,,1.2,
2004/12/29 07:11,8.5S,171.8E,,,,,,0.28,
2004/12/13 11:35,9.7S,155.3E,,,,,,0.13,
2004/12/11 15:36,36.0N,104.1E,,,,,,0.1,
2004/11/30 08:32,61.0N,171.0W,,,,,,0.51,
2004/11/17 03:13,,,,,,,,0.52,
2004/10/14 11:41,,,,,,,,0.28,
2004/10/10 11:05,,,,,,,,0.1,
2004/10/7 13:14,27.3S,71.5E,35,19.2,-15.3,1,11.6,18,
2004/10/4 04:39,3.7N,150.9W,,,,,,0.22,
2004/9/28 08:57,0.2N,101.1W,,,,,,0.2,
2004/9/3 12:07,67.7S,18.2E,31.5,,,,,13,
2004/8/22 10:01,51.9S,22.7E,37,,,,,3.2,
2004/7/29 12:41,,,,,,,,0.089,
2004/7/25 05:29,,,,,,,,0.55,
2004/7/22 03:34,,,,,,,,0.12,
2004/7/16 00:11,,,,,,,,0.1,
2004/7/4 16:58,,,,,,,,0.25,
2004/7/3 20:47,,,,,,,,0.21,
2004/6/12 07:13,21.7N,175.3E,,,,,,0.31,
2004/6/11 15:41,,,,,,,,0.31,
2004/6/5 20:34,1.3N,174.4W,43,19.5,9.4,17,-1.5,3.9,
2004/6/4 13:41,,,,,,,,0.89,
2004/6/3 21:59,,,,,,,,0.16,
2004/6/3 09:40,48.9N,120.4W,,,,,,0.18,
2004/5/18 11:12,28.1S,47.4W,,,,,,1,
2004/5/17 02:08,18.9S,28.3E,44,,,,,0.18,
2004/5/6 02:22,,,,,,,,0.16,
2004/4/23 00:33,,,,,,,,0.18,
2004/4/22 21:19,15.2S,55.1E,,,,,,0.41,
2004/4/22 04:21,44.3S,83.3E,29.6,16.3,8.5,-12.1,-6.8,1.5,
2004/4/6 03:24,12.0S,162.8E,35,25.6,10.5,-23.2,-2.9,1.1,
2004/3/26 16:35,7.6S,155.1E,46,,,,,0.086,
2004/3/25 09:39,4.8S,21.0E,,,,,,0.076,
2004/2/27 01:18,,,,,,,,0.19,
2004/2/2 18:52,18.3S,52.3E,,,,,,0.1,
2004/1/22 01:06,50.6S,157.8E,37,,,,,0.64,
2004/1/17 20:11,,,,,,,,0.098,
2004/1/16 11:17,,,,,,,,0.3,
2004/1/2 04:27,28.2S,3.2E,63,,,,,0.39,
2003/12/9 22:36,67.1S,90.8W,,,,,,1.6,
2003/11/26 02:00,22.9S,22.7E,32,,,,,0.12,
2003/11/10 13:54,64.5S,136.2E,23,20.1,14.8,-8.7,10.4,1.3,
2003/11/1 14:09,51.4S,151.7E,,,,,,0.23,
2003/10/16 00:47,,,,,,,,0.77,
2003/10/13 14:06,,,,,,,,0.1,
2003/10/7 00:23,,,,,,,,0.13,
2003/9/27 12:59,21.0N,86.6E,26,18.2,-1,-5.4,-17.3,4.6,
2003/9/22 03:45,,,,,,,,0.11,
2003/9/21 07:40,,,,,,,,0.073,
2003/9/20 19:04,,,,,,,,0.1,
2003/9/2 20:00,51.3N,161.0W,,,,,,1,
2003/8/26 22:08,,,,,,,,0.23,
2003/8/26 08:44,,,,,,,,0.68,
2003/8/17 13:16,39.0S,34.0E,,,,,,1.6,
2003/8/1 04:09,,,,,,,,0.076,
2003/7/21 05:11,,,,,,,,0.19,
2003/6/22 22:53,,,,,,,,0.076,
2003/6/21 14:49,,,,,,,,0.13,
2003/6/16 17:17,,,,,,,,0.21,
2003/6/10 14:11,41.8S,122.9E,,,,,,0.11,
2003/5/27 23:32,5.2N,166.2E,,,,,,0.22,
2003/5/19 03:38,,,,,,,,1.3,
2003/5/18 07:51,,,,,,,,0.076,
2003/5/15 06:28,54.0N,80.4W,,,,,,0.14,
2003/4/28 13:06,,,,,,,,0.082,
2003/4/13 17:58,14.8N,64.5E,17,,,,,0.5,
2003/4/7 09:25,18.4S,162.6E,,,,,,0.079,
2003/4/1 04:40,,,,,,,,0.11,
2003/3/27 05:50,41.4N,87.7W,45,,,,,0.41,
2003/2/25 23:13,40.0N,116.0E,,,,,,0.11,
2003/2/12 23:45,,,,,,,,0.25,
2003/2/12 02:37,31.5S,107.5E,,,,,,0.36,
2003/2/6 17:00,62.9S,113.9W,,,,,,0.55,
2003/2/5 06:16,,,,,,,,0.31,
2003/2/4 14:07,59.9S,41.0E,,,,,,0.4,
2003/1/30 06:02,,,,,,,,0.32,
2002/11/28 15:41,,,,,,,,0.15,
2002/11/21 00:11,1.4S,154.0W,,,,,,0.66,
2002/11/12 21:49,21.1S,6.8W,,,,,,0.14,
2002/11/10 22:13,16.0N,166.0W,,,,,,1.2,
2002/10/9 12:00,4.3S,175.9W,,,,,,0.16,
2002/10/4 10:08,,,,,,,,0.35,
2002/9/24 16:48,57.9N,112.9E,,,,,,2,
2002/8/14 07:48,6.9S,126.2W,,,,,,0.28,
2002/8/11 20:42,18.2S,159.4E,,,,,,3.3,
2002/8/10 18:01,,,,,,,,0.089,
2002/7/25 15:57,28.7S,47.0E,,,,,,0.63,
2002/7/22 11:16,34.0N,106.1E,,,,,,0.17,
2002/6/29 16:31,,,,,,,,0.46,
2002/6/15 11:51,,,,,,,,0.1,
2002/6/13 15:29,24.9S,111.4E,,,,,,0.54,
2002/6/2 04:28,34.0N,21.0E,,,,,,8.8,
2002/4/3 19:10,5.3S,27.1E,,,,,,0.51,
2002/4/2 02:36,,,,,,,,0.11,
2002/3/28 21:29,,,,,,,,0.095,
2002/3/19 05:56,,,,,,,,0.26,
2002/3/19 02:56,,,,,,,,0.17,
2002/3/18 14:44,60.4S,120.5W,,,,,,0.073,
2002/3/9 01:20,6.9N,147.3W,,,,,,0.68,
2002/3/3 21:10,37.5N,154.0E,,,,,,0.25,
2002/3/1 03:53,29.2N,66.8W,,,,,,0.13,
2002/2/9 19:50,17.7S,138.7E,,,,,,0.22,
2002/2/1 19:07,60.7N,116.6E,,,,,,0.22,
2002/1/20 16:42,48.4N,165.0W,,,,,,0.31,
2002/1/3 12:19,,,,,,,,0.36,
2001/12/14 17:58,,,,,,,,0.44,
2001/12/12 16:56,,,,,,,,0.3,
2001/11/26 06:51,,,,,,,,0.54,
2001/11/13 10:58,,,,,,,,0.83,
2001/11/11 12:14,,,,,,,,0.38,
2001/10/27 19:20,52.7N,3.8E,,,,,,0.12,
2001/10/14 12:03,,,,,,,,0.27,
2001/10/12 03:11,,,,,,,,0.2,
2001/10/6 06:29,,,,,,,,0.45,
2001/9/25 11:54,,,,,,,,0.14,
2001/8/26 16:08,,,,,,,,0.13,
2001/8/18 13:57,,,,,,,,0.13,
2001/7/26 21:20,0.4N,84.8E,,,,,,0.86,
2001/7/23 22:19,41.0N,77.0W,,,,,,2.8,
2001/5/6 04:30,,,,,,,,0.16,
2001/4/27 09:46,,,,,,,,0.38,
2001/4/23 06:12,28.0N,133.6W,29,,,,,9,
2001/4/14 06:40,,,,,,,,0.086,
2001/4/13 00:29,15.3S,162.4E,,,,,,0.68,
2001/2/9 21:27,,,,,,,,0.32,
2001/2/4 05:53,64.0S,97.3E,,,,,,0.44,
2001/1/28 16:19,66.0N,31.3E,,,,,,0.32,
2000/12/15 13:22,41.3N,95.2E,,,,,,0.71,
2000/12/15 03:46,50.4N,58.9E,,,,,,0.095,
2000/11/28 12:20,,,,,,,,0.35,
2000/11/13 00:28,13.6S,5.8W,,,,,,0.21,
2000/11/6 07:18,52.0S,22.2W,,,,,,0.22,
2000/10/11 23:29,31.7S,5.5W,,,,,,0.25,
2000/9/24 06:57,,,,,,,,0.095,
2000/9/23 04:00,58.5S,142.6E,,,,,,0.079,
2000/9/19 22:12,3.2S,133.8W,,,,,,0.27,
2000/8/25 01:12,14.5N,106.1W,,,,,,3.1,
2000/8/13 03:00,36.7N,127.8W,,,,,,0.21,
2000/8/1 16:48,50.2S,101.9W,,,,,,0.51,
2000/7/31 07:06,15.7N,138.5W,,,,,,0.13,
2000/7/19 17:40,17.7S,94.1E,,,,,,0.32,
2000/7/9 01:08,,,,,,,,0.36,
2000/7/7 01:34,15.0N,140.7E,,,,,,0.21,
2000/6/27 10:06,34.9N,36.8E,,,,,,0.095,
2000/6/23 09:03,69.2N,44.0W,,,,,,0.073,
2000/6/22 20:02,32.9N,159.0E,,,,,,0.1,
2000/6/18 13:40,,,,,,,,0.39,
2000/6/14 16:39,28.1N,107.3E,48,,,,,0.42,
2000/6/4 03:17,,,,,,,,0.53,
2000/6/3 03:24,36.8N,74.8W,,,,,,0.1,
2000/6/2 18:44,27.5S,18.9W,,,,,,0.1,
2000/5/29 16:46,,,,,,,,0.19,
2000/5/6 11:51,49.9N,18.4E,,,,,,0.098,
2000/5/3 10:40,5.0S,73.0E,,,,,,0.19,
2000/4/21 13:42,,,,,,,,0.27,
2000/4/4 13:38,,,,,,,,0.082,
2000/3/28 15:27,1.0N,98.3E,,,,,,0.2,
2000/3/19 05:11,,,,,,,,0.16,
2000/3/6 08:29,58.0N,175.0E,,,,,,2.2,
2000/2/18 09:25,0.9S,109.2E,,,,,,7.3,
2000/2/17 14:22,14.2N,115.9E,,,,,,0.079,
2000/1/18 16:43,60.3N,134.6W,,,,,,2.4,
2000/1/18 08:33,24.3N,94.9W,,,,,,0.12,
1999/12/16 00:07,26.5S,11.3W,,,,,,0.21,
1999/12/11 17:31,,,,,,,,0.74,
1999/12/10 18:56,,,,,,,,0.098,
1999/12/3 17:24,,,,,,,,0.14,
1999/12/1 19:38,,,,,,,,0.082,
1999/11/30 02:18,,,,,,,,0.15,
1999/11/15 20:01,8.1S,75.4E,,,,,,0.23,
1999/11/7 17:53,2.3S,77.4W,,,,,,0.27,
1999/10/26 17:19,13.7N,70.8W,,,,,,0.27,
1999/9/8 23:55,22.4N,0.2E,,,,,,0.098,
1999/9/8 14:41,32.5N,104.6E,32,,,,,0.28,
1999/8/16 05:18,35.0N,107.2W,,,,,,0.12,
1999/8/6 03:22,,,,,,,,0.22,
1999/8/3 18:25,64.7S,18.8W,,,,,,0.93,
1999/7/10 08:11,37.8S,39.6E,52,,,,,0.86,
1999/7/7 04:14,39.5S,174.4E,,,,,,0.41,
1999/6/25 06:27,50.0N,121.0E,69,,,,,0.37,
1999/5/23 07:02,16.4S,116.3W,,,,,,0.092,
1999/4/26 11:33,22.5S,6.5E,,,,,,0.28,
1999/4/26 09:49,32.8S,159.1E,,,,,,0.11,
1999/3/31 23:54,17.9S,22.6E,,,,,,0.64,
1999/3/28 15:37,0.8N,97.6E,,,,,,0.81,
1999/3/2 22:23,18.9N,50.5E,,,,,,0.19,
1999/2/18 23:15,54.9S,64.6W,,,,,,0.44,
1999/2/1 14:24,80.0N,154.2E,,,,,,0.098,
1999/1/19 02:32,7.9N,85.8E,,,,,,0.086,
1999/1/14 08:06,44.0S,129.7W,32,,,,,9.8,
1999/1/12 19:24,,,,,,,,0.14,
1999/1/11 05:18,,,,,,,,0.086,
1999/1/2 18:25,47.0N,103.0E,65,,,,,0.12,
1998/12/22 09:24,,,,,,,,0.095,
1998/11/23 20:20,82.3N,160.1E,,,,,,0.089,
1998/11/11 16:46,6.5N,156.4E,,,,,,1.6,
1998/10/3 12:58,,,,,,,,0.11,
1998/9/4 09:16,,,,,,,,0.38,
1998/9/1 11:15,34.6N,23.6E,,,,,,0.086,
1998/8/30 00:20,,,,,,,,0.14,
1998/8/8 12:55,,,,,,,,0.082,
1998/7/28 14:16,,,,,,,,0.2,
1998/3/24 09:08,,,,,,,,0.095,
1998/3/22 22:25,1.4N,26.6E,,,,,,0.41,
1998/1/8 16:10,,,,,,,,0.2,
1998/1/4 23:00,35.1S,33.4E,30,17.1,6,-10.6,12,0.23,
1997/12/28 03:58,23.1S,152.4E,,,,,,0.11,
1997/12/9 08:15,62.7N,49.9W,,,,,,0.73,
1997/11/7 07:46,57.3S,167.2E,,,,,,1.9,
1997/10/9 18:47,31.8N,106.0W,37,,,,,0.53,
1997/10/1 14:26,46.7N,108.9E,,,,,,0.2,
1997/9/30 12:31,38.1S,63.9E,,,,,,0.082,
1997/9/5 11:41,31.1S,56.4E,,,,,,0.53,
1997/8/20 17:16,,,,,,,,0.092,
1997/8/15 01:05,,,,,,,,0.079,
1997/7/30 03:01,,,,,,,,0.16,
1997/7/4 12:22,15.8S,175.8W,,,,,,0.095,
1997/5/22 08:30,,,,,,,,0.15,
1997/4/27 22:34,16.7N,87.5E,,,,,,0.86,
1997/2/19 04:31,16.3S,87.7W,,,,,,0.41,
1997/2/15 15:23,35.5N,115.6E,,,,,,0.43,
1997/2/6 18:28,,,,,,,,0.092,
1997/1/28 17:49,,,,,,,,0.086,
1997/1/23 10:03,15.0S,94.2E,,,,,,0.73,
1997/1/22 21:13,32.2N,29.0E,,,,,,1.2,
1997/1/4 06:46,25.7N,5.3W,,,,,,0.14,
1997/1/3 15:08,,,,,,,,0.92,
1996/12/17 04:16,34.1N,37.2W,,,,,,0.14,
1996/12/10 06:09,,,,,,,,0.68,
1996/12/4 17:00,,,,,,,,0.16,
1996/12/1 13:19,,,,,,,,0.2,
1996/11/22 10:06,,,,,,,,0.22,
1996/11/8 16:02,,,,,,,,0.2,
1996/10/30 12:48,2.1S,123.1W,,,,,,0.076,
1996/10/28 04:46,27.4N,79.4W,,,,,,0.14,
1996/10/23 08:28,47.3S,20.6E,,,,,,0.15,
1996/10/19 19:01,29.7N,34.7W,,,,,,0.38,
1996/10/7 17:43,,,,,,,,0.15,
1996/10/5 19:21,49.6S,145.9E,,,,,,0.68,
1996/8/17 15:46,,,,,,,,0.12,
1996/8/15 16:07,,,,,,,,0.26,
1996/8/9 18:14,,,,,,,,0.1,
1996/8/7 03:16,,,,,,,,0.43,
1996/8/6 04:50,,,,,,,,0.38,
1996/8/5 19:27,,,,,,,,0.61,
1996/8/5 15:19,,,,,,,,0.25,
1996/7/17 03:16,31.8N,111.4E,,,,,,0.16,
1996/7/12 14:04,20.7N,93.6W,,,,,,0.11,
1996/6/25 11:22,,,,,,,,0.076,
1996/5/8 01:02,,,,,,,,0.098,
1996/5/1 13:19,,,,,,,,0.12,
1996/3/31 00:53,,,,,,,,0.095,
1996/3/30 04:03,31.1S,84.3W,,,,,,0.36,
1996/3/29 20:30,21.5N,158.1W,,,,,,0.38,
1996/3/25 17:00,,,,,,,,0.15,
1996/3/13 08:31,,,,,,,,0.63,
1996/2/16 07:03,,,,,,,,0.18,
1996/2/15 02:38,76.0N,127.0W,,,,,,0.16,
1996/1/18 17:10,,,,,,,,0.36,
1996/1/15 13:44,59.8S,175.8E,,,,,,0.71,
1995/12/27 12:55,,,,,,,,0.079,
1995/12/22 13:26,70.2S,73.3W,,,,,,1.1,
1995/12/9 19:54,2.9S,79.0W,,,,,,0.36,
1995/11/25 05:29,,,,,,,,0.1,
1995/11/13 03:10,,,,,,,,0.076,
1995/10/1 02:42,,,,,,,,0.12,
1995/9/9 07:38,,,,,,,,1.3,
1995/8/24 21:54,,,,,,,,0.36,
1995/8/17 16:39,,,,,,,,0.46,
1995/8/6 04:38,,,,,,,,0.18,
1995/8/5 17:14,11.6N,104.3W,,,,,,0.56,
1995/7/11 18:38,28.5S,93.3E,,,,,,0.38,
1995/7/9 18:20,0.9S,66.3E,,,,,,0.089,
1995/7/7 17:33,40.2N,76.1W,,,,,,0.41,
1995/6/9 09:28,,,,,,,,0.089,
1995/4/2 12:32,,,,,,,,0.089,
1995/2/16 13:05,16.7N,141.7W,,,,,,0.19,
1995/1/18 10:17,51.5N,115.4E,,,,,,0.22,
1995/1/10 21:08,,,,,,,,0.089,
1995/1/2 20:41,,,,,,,,0.1,
1994/12/18 12:45,,,,,,,,0.16,
1994/12/16 09:41,42.2S,27.6E,,,,,,0.16,
1994/11/3 20:01,6.5N,89.0E,,,,,,5,
1994/11/1 06:50,1.5S,84.5W,,,,,,2.3,
1994/10/27 04:21,,,,,,,,0.85,
1994/10/20 00:11,45.2S,1.9W,,,,,,0.27,
1994/10/8 03:24,,,,,,,,0.21,
1994/9/22 04:22,,,,,,,,0.21,
1994/8/15 23:16,,,,,,,,0.47,
1994/6/15 00:02,45.0N,73.5W,,,,,,0.14,
1994/6/3 20:48,,,,,,,,1.3,
1994/5/29 09:30,52.8N,2.3E,,,,,,1,
1994/2/1 22:38,2.7N,164.1E,,,,,,30,
1993/11/29 17:48,26.5N,78.3E,,,,,,0.092,
1993/10/31 03:39,51.3N,100.9W,,,,,,0.13,
1991/10/4 09:22,78.7N,6.3E,,,,,,1.4,
1990/10/1 03:51,7.5N,142.8E,,,,,,5.2,
1988/4/15 03:03,4.1S,124.3E,,,,,,14,
